id,first_name,last_name,email,gender,country,city,phone_number
1,Gay,Hunday,ghunday0@tamu.edu,Female,United Kingdom,Liverpool,741-309-5222
2,Farley,Farfolomeev,ffarfolomeev1@gov.uk,Male,United Kingdom,Horton,453-806-4743
3,Mada,Kezor,mkezor2@naver.com,Female,United Kingdom,Brampton,291-332-4661
4,Debbi,Gartenfeld,dgartenfeld3@angelfire.com,Female,United Kingdom,Carlton,843-843-7789
5,Chance,Londsdale,clondsdale4@shutterfly.com,Male,United Kingdom,Ford,106-753-6031
6,Kiley,Lisciardelli,klisciardelli5@discuz.net,Female,United Kingdom,Upton,445-880-3080
7,Jenica,Buff,jbuff6@psu.edu,Female,United Kingdom,Tullich,195-285-9804
8,Finlay,Oret,foret7@independent.co.uk,Male,United Kingdom,West End,304-728-5535
9,Tracie,Creech,tcreech8@t-online.de,Female,United Kingdom,London,822-452-2016
10,Suzann,Hince,shince9@woothemes.com,Female,United Kingdom,Langley,774-868-8850
11,Hector,Domini,hdominia@bigcartel.com,Male,United Kingdom,Aston,835-928-9902
12,Georgetta,Le Teve,gleteveb@archive.org,Female,United Kingdom,Manchester,203-221-4321
13,Murdock,Steutly,msteutlyc@psu.edu,Male,United Kingdom,Kinloch,423-596-1645
14,Tyne,Tschierse,ttschiersed@hatena.ne.jp,Female,United Kingdom,Newton,317-417-2187
15,Bary,Pickervance,bpickervancee@businessinsider.com,Male,United Kingdom,Thorpe,303-943-0728
16,Erina,Gocke,egockef@soundcloud.com,Female,United Kingdom,West End,192-161-8834
17,Jacob,Willshear,jwillshearg@wiley.com,Male,United Kingdom,Aston,389-426-6762
18,Christye,Windram,cwindramh@delicious.com,Female,United Kingdom,Sutton,265-940-1835
19,Shelli,Truelove,struelovei@cmu.edu,Female,United Kingdom,Pentre,797-608-7252
20,Germayne,Keepe,gkeepej@msu.edu,Male,United Kingdom,Aston,289-712-8694
21,Jilleen,Bowich,jbowichk@odnoklassniki.ru,Female,United Kingdom,Aberdeen,412-207-9532
22,Georgeta,Millbank,gmillbankl@spiegel.de,Female,United Kingdom,Ford,359-737-5462
23,Albert,Blade,abladem@google.pl,Male,United Kingdom,Tullich,453-764-4815
24,Ashely,Ruck,aruckn@dot.gov,Female,United Kingdom,Newton,194-222-7544
25,Onofredo,Collisson,ocollissono@go.com,Male,United Kingdom,Burnside,287-822-8003
26,Sherman,Bilbrooke,sbilbrookep@latimes.com,Male,United Kingdom,Langley,650-928-0383
27,Myrwyn,Sorrel,msorrelq@wix.com,Male,United Kingdom,London,316-126-0066
28,Dallon,Blanque,dblanquer@google.co.jp,Male,United Kingdom,London,740-691-5923
29,Annora,Tattershall,atattershalls@homestead.com,Female,United Kingdom,East End,437-187-4047
30,Stevy,Naulls,snaullst@bloomberg.com,Male,United Kingdom,Pentre,937-278-2580
31,Alwyn,Ludy,aludyu@photobucket.com,Male,United Kingdom,Burnside,786-822-8421
32,Lewes,Annetts,lannettsv@weibo.com,Male,United Kingdom,London,138-469-2785
33,Zebadiah,Pessler,zpesslerw@lycos.com,Male,United Kingdom,Sheffield,129-411-0803
34,Lorri,Ivanyushkin,livanyushkinx@si.edu,Female,United Kingdom,London,466-445-5370
35,Elayne,Postgate,epostgatey@mtv.com,Female,United Kingdom,Swindon,617-767-1040
36,Licha,Rushbury,lrushburyz@ehow.com,Female,United Kingdom,Belfast,912-768-9330
37,Isak,Paute,ipaute10@admin.ch,Male,United Kingdom,Kirkton,380-487-6081
38,Donella,Sigge,dsigge11@webnode.com,Female,United Kingdom,Tullich,873-372-1421
39,Emmott,Sackey,esackey12@aol.com,Male,United Kingdom,Aberdeen,399-689-3418
40,Mattheus,Ades,mades13@kickstarter.com,Male,United Kingdom,Wootton,832-907-3259
41,Gerry,Paskell,gpaskell14@yandex.ru,Male,United Kingdom,London,480-925-5390
42,Janot,McAtamney,jmcatamney15@mtv.com,Female,United Kingdom,Bristol,408-135-9482
43,Zane,Ledgard,zledgard16@un.org,Male,United Kingdom,Bradford,635-822-2223
44,Britte,Devonald,bdevonald17@craigslist.org,Female,United Kingdom,Edinburgh,338-554-0900
45,Shela,Goodswen,sgoodswen18@youtube.com,Female,United Kingdom,Liverpool,758-426-9071
46,Etan,Scrivener,escrivener19@studiopress.com,Male,United Kingdom,Liverpool,460-556-2952
47,Lusa,Yukhtin,lyukhtin1a@blogspot.com,Female,United Kingdom,London,233-324-2995
48,Korry,Mertsching,kmertsching1b@mysql.com,Female,United Kingdom,Bristol,619-558-0614
49,Michal,Lune,mlune1c@mediafire.com,Male,United Kingdom,Dean,604-895-7186
50,Jorge,Dudson,jdudson1d@zdnet.com,Male,United Kingdom,Bradford,337-305-7649
51,Hortense,Glashby,hglashby1e@ed.gov,Female,United Kingdom,London,917-249-0260
52,Hilde,Satch,hsatch1f@columbia.edu,Female,United Kingdom,Glasgow,842-129-1946
53,Nonnah,Giacopetti,ngiacopetti1g@over-blog.com,Female,United Kingdom,Aston,892-161-2990
54,Jewell,Sumbler,jsumbler1h@dailymotion.com,Female,United Kingdom,Aberdeen,540-689-5472
55,Reuben,Marchington,rmarchington1i@ftc.gov,Male,United Kingdom,NULL,969-703-4130
56,Ramona,Brazenor,rbrazenor1j@biglobe.ne.jp,Female,United Kingdom,West End,727-241-2998
57,Jake,Reyburn,jreyburn1k@virginia.edu,Male,United Kingdom,Tullich,380-924-6885
58,Marty,Labdon,mlabdon1l@nps.gov,Male,United Kingdom,London,467-571-3933
59,Eda,Gard,egard1m@printfriendly.com,Female,United Kingdom,Sheffield,946-416-0384
60,Israel,Leopold,ileopold1n@weibo.com,Male,United Kingdom,Birmingham,289-783-7688
61,Fredrick,Gomez,fgomez1o@livejournal.com,Male,United Kingdom,Sutton,258-652-6413
62,Meggi,Kenworthey,mkenworthey1p@samsung.com,Female,United Kingdom,London,604-167-7747
63,Cary,Radcliffe,cradcliffe1q@unc.edu,Male,United Kingdom,Normanton,761-116-0722
64,Goldie,Earingey,gearingey1r@homestead.com,Female,United Kingdom,London,697-162-0894
65,Purcell,Champe,pchampe1s@discuz.net,Male,United Kingdom,Kingston,615-970-4212
66,Breanne,Greedy,bgreedy1t@icq.com,Female,United Kingdom,Liverpool,661-839-3188
67,Artus,Whilde,awhilde1u@quantcast.com,Male,United Kingdom,Newbiggin,310-994-3718
68,Asa,McQuode,amcquode1v@vinaora.com,Male,United Kingdom,Milton,315-218-3971
69,Douglas,Durant,ddurant1w@illinois.edu,Male,United Kingdom,Twyford,962-438-9518
70,Tremaine,Syddon,tsyddon1x@yelp.com,Male,United Kingdom,Aston,644-729-0323
71,Brittan,Widdows,bwiddows1y@shop-pro.jp,Female,United Kingdom,Tullich,458-954-9889
72,Bert,Mulmuray,bmulmuray1z@intel.com,Male,United Kingdom,Linton,287-163-8898
73,Gib,Rolf,grolf20@linkedin.com,Male,United Kingdom,Middleton,889-981-0416
74,Phillida,Beedom,pbeedom21@wix.com,Female,United Kingdom,Newtown,559-690-6658
75,Marigold,Kundt,mkundt22@pcworld.com,Female,United Kingdom,Buckland,601-497-1579
76,Alard,MacKaig,amackaig23@walmart.com,Male,United Kingdom,Brampton,235-661-8925
77,Mildrid,Tolcher,mtolcher24@newsvine.com,Female,United Kingdom,Sheffield,307-630-1012
78,Brianna,Winram,bwinram25@nbcnews.com,Female,United Kingdom,Hatton,861-364-7508
79,Artemas,Dunphy,adunphy26@yelp.com,Male,United Kingdom,Kinloch,494-825-8700
80,Nessi,Woffenden,nwoffenden27@cbc.ca,Female,United Kingdom,Sheffield,133-186-2171
81,Genevieve,McCleverty,gmccleverty28@artisteer.com,Female,United Kingdom,Walton,169-523-7789
82,Woodie,Brack,wbrack29@photobucket.com,Male,United Kingdom,Weston,171-573-1891
83,Elysia,Filmer,efilmer2a@techcrunch.com,Female,United Kingdom,Norton,656-115-1018
84,Pandora,Stampfer,pstampfer2b@ezinearticles.com,Female,United Kingdom,Newton,439-524-4975
85,Luce,Devote,ldevote2c@icio.us,Male,United Kingdom,Seaton,268-298-0158
86,Baldwin,Stampe,bstampe2d@sciencedaily.com,Male,United Kingdom,Pentre,566-340-9858
87,Redd,Mendel,rmendel2e@meetup.com,Male,United Kingdom,Manchester,904-372-3148
88,Porty,Shrimpling,pshrimpling2f@fotki.com,Male,United Kingdom,Kinloch,655-699-1873
89,Everard,Bodell,ebodell2g@hostgator.com,Male,United Kingdom,Preston,366-382-3349
90,Kristos,Chatfield,kchatfield2h@google.com.hk,Male,United Kingdom,Bristol,794-165-4871
91,Danyelle,Haly,dhaly2i@cisco.com,Female,United Kingdom,Whitwell,266-497-0347
92,Aurie,Yanshonok,ayanshonok2j@uol.com.br,Female,United Kingdom,Denton,848-692-3510
93,Kordula,Playfoot,kplayfoot2k@smugmug.com,Female,United Kingdom,Upton,372-865-7851
94,Marji,Markey,mmarkey2l@paginegialle.it,Female,United Kingdom,Linton,519-482-4249
95,Loy,Jizhaki,ljizhaki2m@pagesperso-orange.fr,Male,United Kingdom,Church End,560-155-8321
96,Ronnica,Jennaway,rjennaway2n@last.fm,Female,United Kingdom,Stapleford,333-634-5691
97,Prince,Dine-Hart,pdinehart2o@seesaa.net,Male,United Kingdom,Birmingham,356-880-6881
98,Kelbee,Drewes,kdrewes2p@dmoz.org,Male,United Kingdom,Tullich,664-276-0455
99,Harriett,Orgee,horgee2q@webs.com,Female,United Kingdom,Newport,162-318-4354
100,Coralie,Dancy,cdancy2r@geocities.com,Female,United Kingdom,London,383-355-5721
