id,first_name,last_name,email,gender,country,city,phone_number
1,Rudie,Hodge,rhodge0@answers.com,Male,United Kingdom,Leeds,921-991-9649
2,Issiah,Beadle,ibeadle1@yolasite.com,Male,United Kingdom,Aston,923-341-5372
3,Vernon,Tuma,vtuma2@admin.ch,Male,United Kingdom,Thorpe,780-522-3841
4,D'arcy,Grieveson,dgrieveson3@aboutads.info,Male,United Kingdom,Bristol,394-910-4481
5,Rachel,Hatherill,rhatherill4@dmoz.org,Female,United Kingdom,Sutton,998-505-6558
6,Rosemarie,End,rend5@craigslist.org,Female,United Kingdom,Kingston,447-536-6802
7,Ilario,Dominiak,idominiak6@addtoany.com,Male,United Kingdom,Whitwell,194-343-7956
8,Courtnay,Ollington,collington7@netscape.com,Male,United Kingdom,East End,379-836-5527
9,Ryon,Neesam,rneesam8@4shared.com,Male,United Kingdom,Whitchurch,316-282-0601
10,Karlik,Winkworth,kwinkworth9@barnesandnoble.com,Male,United Kingdom,Upton,308-321-0609
11,Darb,Tweedy,dtweedya@nsw.gov.au,Female,United Kingdom,Kirkton,599-372-3426
12,Eudora,Di Giacomo,edigiacomob@cafepress.com,Female,United Kingdom,Church End,487-815-9819
13,Wat,Bidmead,wbidmeadc@mit.edu,Male,United Kingdom,Horton,190-712-9460
14,Carilyn,Vogl,cvogld@pinterest.com,Female,United Kingdom,Buckland,785-558-8703
15,Erasmus,Colbran,ecolbrane@angelfire.com,Male,United Kingdom,Tullich,134-987-5368
16,Nathanael,Giron,ngironf@facebook.com,Male,United Kingdom,Glasgow,241-596-6688
17,Zeke,Turford,zturfordg@gravatar.com,Male,United Kingdom,Langley,786-350-6984
18,Lucita,Boom,lboomh@t.co,Female,United Kingdom,Middleton,528-245-5733
19,Georg,Rubert,gruberti@nasa.gov,Male,United Kingdom,Sheffield,687-230-1994
20,Juliann,McSkin,jmcskinj@sakura.ne.jp,Female,United Kingdom,Hatton,378-379-9447
21,Cornela,Ubsdell,cubsdellk@theguardian.com,Female,United Kingdom,Weston,210-523-0278
22,Sherill,Jouanot,sjouanotl@hexun.com,Female,United Kingdom,London,814-551-3518
23,Freddie,Sharkey,fsharkeym@github.io,Male,United Kingdom,Walton,809-231-7567
24,Chrisse,Ingleston,cinglestonn@businesswire.com,Male,United Kingdom,Upton,124-624-4034
25,Ignaz,Jelk,ijelko@wiley.com,Male,United Kingdom,Newtown,141-939-1181
26,Wini,Cantillion,wcantillionp@patch.com,Female,United Kingdom,West End,177-541-7366
27,Franciskus,Coysh,fcoyshq@fema.gov,Male,United Kingdom,Hatton,182-895-1209
28,Had,Snalham,hsnalhamr@nationalgeographic.com,Male,United Kingdom,Kirkton,921-505-8412
29,Noah,Brandsma,nbrandsmas@cnbc.com,Male,United Kingdom,Upton,248-382-1265
30,Maxy,Legrice,mlegricet@salon.com,Male,United Kingdom,Belfast,824-200-1345
31,Meggy,Rastrick,mrastricku@ifeng.com,Female,United Kingdom,Halton,110-471-4506
32,Jasen,Cawthry,jcawthryv@weebly.com,Male,United Kingdom,Kinloch,809-210-8087
33,Isa,Idel,iidelw@ucoz.com,Male,United Kingdom,Liverpool,289-147-3200
34,Jerrold,Prayer,jprayerx@soundcloud.com,Male,United Kingdom,Brampton,671-749-8564
35,Ryan,Maryet,rmaryety@netlog.com,Male,United Kingdom,Glasgow,582-879-6658
36,Hermy,Reah,hreahz@t-online.de,Male,United Kingdom,Newtown,557-315-5409
37,Charline,Sherbrook,csherbrook10@smugmug.com,Female,United Kingdom,London,769-217-5323
38,Dermot,Crutchley,dcrutchley11@mit.edu,Male,United Kingdom,Bradford,789-838-2086
39,Etan,Hayworth,ehayworth12@buzzfeed.com,Male,United Kingdom,London,235-723-3178
40,Sidonia,Havill,shavill13@cnbc.com,Female,United Kingdom,Bradford,421-616-4617
41,Reinhard,MacCostye,rmaccostye14@sohu.com,Male,United Kingdom,Dean,593-931-6759
42,Amery,Haliburn,ahaliburn15@elegantthemes.com,Male,United Kingdom,Wirral,900-145-3384
43,Ashlan,Colcomb,acolcomb16@squidoo.com,Female,United Kingdom,Church End,986-639-3385
44,Tobe,Northeast,tnortheast17@rediff.com,Male,United Kingdom,Aberdeen,643-992-2130
45,Elicia,Izac,eizac18@cmu.edu,Female,United Kingdom,Stapleford,471-356-0000
46,Alyda,Georger,ageorger19@microsoft.com,Female,United Kingdom,Bradford,757-660-2318
47,Jessi,Bruggen,jbruggen1a@fastcompany.com,Female,United Kingdom,Twyford,701-162-8984
48,Isabelle,Naldrett,inaldrett1b@webnode.com,Female,United Kingdom,Kirkton,585-978-1196
49,Otho,Steger,osteger1c@deliciousdays.com,Male,United Kingdom,Twyford,939-182-4882
50,Crissy,Mackney,cmackney1d@yale.edu,Female,United Kingdom,Horton,175-536-1345
51,Tildi,Holdall,tholdall1e@1und1.de,Female,United Kingdom,West End,326-408-4173
52,Christel,Neate,cneate1f@nba.com,Female,United Kingdom,Walton,896-670-4052
53,La verne,Chad,lchad1g@baidu.com,Female,United Kingdom,Milton,950-657-2728
54,Adey,Brimacombe,abrimacombe1h@addtoany.com,Female,United Kingdom,Sheffield,637-348-3991
55,Norby,Shill,nshill1i@bluehost.com,Male,United Kingdom,Upton,801-434-7096
56,Dody,Ashwell,dashwell1j@hostgator.com,Female,United Kingdom,Hatton,975-610-2003
57,Martainn,Johannesson,mjohannesson1k@marriott.com,Male,United Kingdom,Newtown,258-867-4021
58,Richart,Stollmeyer,rstollmeyer1l@technorati.com,Male,United Kingdom,Swindon,447-596-0234
59,Nico,Joannet,njoannet1m@japanpost.jp,Male,United Kingdom,Birmingham,650-605-9921
60,Hadley,Broscombe,hbroscombe1n@hostgator.com,Male,United Kingdom,Upton,469-450-4827
61,Candi,Stenton,cstenton1o@icio.us,Female,United Kingdom,Bristol,512-277-9185
62,Cull,Saddington,csaddington1p@instagram.com,Male,United Kingdom,Whitwell,735-119-8913
63,Eugen,McNirlin,emcnirlin1q@yellowpages.com,Male,United Kingdom,Glasgow,667-677-8892
64,Chrotoem,Cadge,ccadge1r@webnode.com,Male,United Kingdom,Sheffield,775-439-9961
65,Candi,Yosifov,cyosifov1s@pcworld.com,Female,United Kingdom,Aston,589-829-5730
66,Hanny,Sayton,hsayton1t@histats.com,Female,United Kingdom,Bristol,186-846-0722
67,Moreen,Sphinxe,msphinxe1u@privacy.gov.au,Female,United Kingdom,Church End,412-959-6647
68,Grayce,Krebs,gkrebs1v@wordpress.com,Female,United Kingdom,Norton,689-169-8198
69,Emlynn,Dyet,edyet1w@w3.org,Female,United Kingdom,Sheffield,862-274-6106
70,Thaddeus,Potier,tpotier1x@ca.gov,Male,United Kingdom,Carlton,742-154-2800
71,Torie,Cabell,tcabell1y@hostgator.com,Female,United Kingdom,Ford,467-180-7597
72,Ephraim,Reasun,ereasun1z@skyrock.com,Male,United Kingdom,Buckland,735-154-7200
73,Libbey,O' Hern,lohern20@macromedia.com,Female,United Kingdom,Manchester,322-404-7507
74,Gerta,Gainsboro,ggainsboro21@wufoo.com,Female,United Kingdom,Merton,744-144-4115
75,Theadora,Rowles,trowles22@ifeng.com,Female,United Kingdom,Leeds,363-940-9989
76,Shena,Semper,ssemper23@posterous.com,Female,United Kingdom,East End,836-300-4662
77,Larine,Revens,lrevens24@japanpost.jp,Female,United Kingdom,Milton,472-832-2075
78,Gunilla,Knowlton,gknowlton25@naver.com,Female,United Kingdom,Tullich,749-854-9344
79,Allegra,Dourin,adourin26@dagondesign.com,Female,United Kingdom,London,210-697-9484
80,Gus,Garms,ggarms27@dropbox.com,Female,United Kingdom,Kirkton,427-970-7981
81,Deny,Laming,dlaming28@posterous.com,Female,United Kingdom,Normanton,436-764-9824
82,Bride,De Gregorio,bdegregorio29@unicef.org,Female,United Kingdom,Liverpool,443-189-5296
83,Margarethe,Greenly,mgreenly2a@surveymonkey.com,Female,United Kingdom,Edinburgh,914-630-2327
84,Justus,Pfeuffer,jpfeuffer2b@fc2.com,Male,United Kingdom,Sutton,475-916-7048
85,Martie,Haack,mhaack2c@addtoany.com,Male,United Kingdom,Church End,354-807-6359
86,Finley,Wiggin,fwiggin2d@tripadvisor.com,Male,United Kingdom,Marston,892-843-0575
87,Tybi,Fawloe,tfawloe2e@psu.edu,Female,United Kingdom,London,765-195-5863
88,Kipp,Cherryman,kcherryman2f@slideshare.net,Male,United Kingdom,Sutton,112-692-9614
89,Luci,Linham,llinham2g@wix.com,Female,United Kingdom,Dean,642-640-2624
90,Marillin,Reddings,mreddings2h@walmart.com,Female,United Kingdom,London,715-223-2153
91,Janela,Lube,jlube2i@cdbaby.com,Female,United Kingdom,Wirral,415-712-8041
92,Pip,Baskerville,pbaskerville2j@macromedia.com,Male,United Kingdom,Sheffield,372-719-3581
93,Gill,Miles,gmiles2k@independent.co.uk,Male,United Kingdom,Belfast,721-490-5067
94,Thaine,Paulton,tpaulton2l@so-net.ne.jp,Male,United Kingdom,Denton,833-693-4646
95,Dorella,Borley,dborley2m@php.net,Female,United Kingdom,Liverpool,135-228-5906
96,Harp,Poynton,hpoynton2n@g.co,Male,United Kingdom,London,530-736-7306
97,Cordie,Spelsbury,cspelsbury2o@si.edu,Female,United Kingdom,Newport,790-741-2514
98,Amye,Burkman,aburkman2p@ucoz.com,Female,United Kingdom,Bristol,597-489-4558
99,Birk,Sellwood,bsellwood2q@w3.org,Male,United Kingdom,Ford,124-496-5098
100,Gerri,Bloxham,gbloxham2r@bloglovin.com,Male,United Kingdom,Eaton,203-692-2069
101,Evvy,Tilio,etilio2s@jimdo.com,Female,United Kingdom,Denton,223-862-9299
102,Nestor,Panton,npanton2t@opera.com,Male,United Kingdom,Ashley,221-811-6651
103,Lea,Tortice,ltortice2u@macromedia.com,Female,United Kingdom,Kinloch,930-912-9341
104,Dulcia,Greveson,dgreveson2v@springer.com,Female,United Kingdom,Kingston,559-910-0566
105,Sofia,Vina,svina2w@squarespace.com,Female,United Kingdom,Newbiggin,413-650-9212
106,Gallard,Wisham,gwisham2x@topsy.com,Male,United Kingdom,London,209-758-1711
107,Addy,Kilmary,akilmary2y@t.co,Female,United Kingdom,Sutton,250-748-2388
108,Ernesto,Lochet,elochet2z@unc.edu,Male,United Kingdom,Kingston,605-847-4920
109,Derrek,Stiles,dstiles30@sciencedirect.com,Male,United Kingdom,Leeds,646-604-0824
110,Der,Parzizek,dparzizek31@usda.gov,Male,United Kingdom,Church End,787-173-3978
111,Xylina,Rankmore,xrankmore32@buzzfeed.com,Female,United Kingdom,Belfast,616-484-5739
112,Nessi,Pullinger,npullinger33@virginia.edu,Female,United Kingdom,Liverpool,411-667-6678
113,Randie,Kingswood,rkingswood34@blogger.com,Male,United Kingdom,Middleton,975-927-2782
114,Shelley,Pershouse,spershouse35@uol.com.br,Male,United Kingdom,Whitchurch,257-440-6600
115,Teriann,Poel,tpoel36@alibaba.com,Female,United Kingdom,Charlton,686-822-8689
116,Frasco,McGinley,fmcginley37@sbwire.com,Male,United Kingdom,Leeds,225-198-5920
117,Benjy,Shillington,bshillington38@about.com,Male,United Kingdom,Carlton,373-833-5699
118,Marthena,Swoffer,mswoffer39@sciencedirect.com,Female,United Kingdom,London,523-255-0449
119,Flory,Masden,fmasden3a@rakuten.co.jp,Female,United Kingdom,Wootton,823-398-2759
120,Eldin,Traviss,etraviss3b@xinhuanet.com,Male,United Kingdom,London,475-784-4100
121,Kile,Gibbie,kgibbie3c@github.com,Male,United Kingdom,Newton,107-328-0231
122,Ernest,Morgue,emorgue3d@networksolutions.com,Male,United Kingdom,Birmingham,862-917-2086
123,Lesly,Gostyke,lgostyke3e@myspace.com,Female,United Kingdom,Sheffield,635-725-3133
124,Teador,Kampshell,tkampshell3f@gmpg.org,Male,United Kingdom,East End,368-105-2375
125,Sheilah,Soldan,ssoldan3g@yandex.ru,Female,United Kingdom,Newtown,328-101-6130
126,Antin,Cunnell,acunnell3h@vk.com,Male,United Kingdom,Whitwell,483-709-1708
127,Kathe,Dollard,kdollard3i@home.pl,Female,United Kingdom,Horton,182-408-7835
128,Prinz,Flori,pflori3j@toplist.cz,Male,United Kingdom,Merton,545-529-6722
129,Clem,Lashmore,clashmore3k@woothemes.com,Male,United Kingdom,Thorpe,563-803-9851
130,Sayre,Gottschalk,sgottschalk3l@sciencedirect.com,Female,United Kingdom,Newton,300-111-5004
131,Brewster,Martell,bmartell3m@usa.gov,Male,United Kingdom,Upton,950-729-0433
132,Lucretia,Twinborough,ltwinborough3n@google.co.jp,Female,United Kingdom,Church End,171-918-9327
133,Aluin,Vitall,avitall3o@hibu.com,Male,United Kingdom,Bradford,231-589-8083
134,Kerrill,Lippitt,klippitt3p@msn.com,Female,United Kingdom,Edinburgh,318-102-6620
135,Eduardo,D'Oyly,edoyly3q@angelfire.com,Male,United Kingdom,Seaton,338-925-8301
136,Darbee,Allmann,dallmann3r@chicagotribune.com,Male,United Kingdom,Aberdeen,788-103-7418
137,Avril,Twiddell,atwiddell3s@examiner.com,Female,United Kingdom,Sheffield,622-807-9023
138,Sebastien,Enoksson,senoksson3t@businesswire.com,Male,United Kingdom,Birmingham,111-168-3457
139,Adina,Causon,acauson3u@uol.com.br,Female,United Kingdom,Craigavon,517-473-1209
140,Edgardo,Jindrich,ejindrich3v@auda.org.au,Male,United Kingdom,Ford,394-619-3480
141,Shea,Brotherheed,sbrotherheed3w@1und1.de,Male,United Kingdom,Seaton,689-132-8519
142,Stephine,Poulsum,spoulsum3x@instagram.com,Female,United Kingdom,East End,664-644-9025
143,Clarence,Garfirth,cgarfirth3y@dailymail.co.uk,Male,United Kingdom,Church End,320-160-9454
144,Vinny,Thursby,vthursby3z@utexas.edu,Female,United Kingdom,Manchester,696-924-8861
145,Giustina,Parkman,gparkman40@mtv.com,Female,United Kingdom,Newton,672-537-4161
146,Duky,Horder,dhorder41@dot.gov,Male,United Kingdom,Twyford,629-360-1295
147,Mindy,Vearncomb,mvearncomb42@dagondesign.com,Female,United Kingdom,Sheffield,687-763-1505
148,Hailey,Falkner,hfalkner43@washington.edu,Male,United Kingdom,West End,276-881-0366
149,Cecil,Tuma,ctuma44@live.com,Female,United Kingdom,Sheffield,625-173-5168
150,Antonietta,Pegden,apegden45@blogger.com,Female,United Kingdom,Halton,298-990-1684
151,Huntington,Lidgate,hlidgate46@printfriendly.com,Male,United Kingdom,Halton,652-982-8686
152,Jess,Fleis,jfleis47@buzzfeed.com,Male,United Kingdom,Church End,549-656-3788
153,Irving,Spedroni,ispedroni48@nih.gov,Male,United Kingdom,Newport,866-921-9467
154,Drusie,Hunt,dhunt49@stumbleupon.com,Female,United Kingdom,Walton,947-380-1834
155,Langston,Barock,lbarock4a@google.nl,Male,United Kingdom,Hatton,792-774-3041
156,Dawna,Petkov,dpetkov4b@ocn.ne.jp,Female,United Kingdom,Sheffield,375-240-7890
157,Lindy,Sussans,lsussans4c@networksolutions.com,Female,United Kingdom,Seaton,144-380-8945
158,Dunc,Giabuzzi,dgiabuzzi4d@census.gov,Male,United Kingdom,Glasgow,587-582-9471
159,Marylinda,Kingett,mkingett4e@jalbum.net,Female,United Kingdom,Thorpe,727-889-4260
160,Janey,Hearst,jhearst4f@craigslist.org,Female,United Kingdom,Church End,661-982-9827
161,Calvin,Bernollet,cbernollet4g@irs.gov,Male,United Kingdom,Milton,897-487-2768
162,Cristine,Chauvey,cchauvey4h@wix.com,Female,United Kingdom,Liverpool,891-209-0786
163,Adelheid,Annwyl,aannwyl4i@discovery.com,Female,United Kingdom,Buckland,460-514-4978
164,Jarad,Pettis,jpettis4j@bluehost.com,Male,United Kingdom,London,701-202-4879
165,Arlana,Sleney,asleney4k@thetimes.co.uk,Female,United Kingdom,Stapleford,513-271-2157
166,Kean,Kubek,kkubek4l@go.com,Male,United Kingdom,Wirral,749-399-4930
167,Colas,MacTavish,cmactavish4m@techcrunch.com,Male,United Kingdom,Milton,333-307-1218
168,Petra,Borrows,pborrows4n@list-manage.com,Female,United Kingdom,Aston,488-788-5153
169,Emmerich,Pimlott,epimlott4o@nymag.com,Male,United Kingdom,Newport,111-337-0753
170,Reamonn,Wybourne,rwybourne4p@bizjournals.com,Male,United Kingdom,Wirral,585-387-4585
171,Jard,Pinnigar,jpinnigar4q@youku.com,Male,United Kingdom,Liverpool,253-700-1577
172,Godard,Witson,gwitson4r@scientificamerican.com,Male,United Kingdom,Milton,598-507-0501
173,Bink,Breznovic,bbreznovic4s@meetup.com,Male,United Kingdom,London,612-686-2062
174,Nadean,Staten,nstaten4t@salon.com,Female,United Kingdom,Upton,565-865-6813
175,Hilarius,Scullard,hscullard4u@behance.net,Male,United Kingdom,Halton,216-292-3606
176,Windham,Cardello,wcardello4v@tiny.cc,Male,United Kingdom,Dean,816-974-3572
177,Brittaney,Chesswas,bchesswas4w@reddit.com,Female,United Kingdom,Twyford,339-540-1690
178,Madalyn,MacGillespie,mmacgillespie4x@businessinsider.com,Female,United Kingdom,Whitchurch,880-327-7654
179,Tomasina,Jagielski,tjagielski4y@indiatimes.com,Female,United Kingdom,East End,347-200-4336
180,Fedora,Flippen,fflippen4z@1und1.de,Female,United Kingdom,Kingston,607-506-7487
181,Donall,Robey,drobey50@altervista.org,Male,United Kingdom,Langley,826-482-2121
182,Stephi,Whitlaw,swhitlaw51@indiatimes.com,Female,United Kingdom,Ford,645-399-7681
183,Mireille,Fawlo,mfawlo52@census.gov,Female,United Kingdom,Bristol,339-735-8947
184,Culver,Mandre,cmandre53@ocn.ne.jp,Male,United Kingdom,Burnside,233-515-0682
185,Lettie,Ingleson,lingleson54@cdc.gov,Female,United Kingdom,Milton,149-456-9097
186,Florida,Howatt,fhowatt55@about.me,Female,United Kingdom,Whitwell,999-580-7621
187,Sim,Pettengell,spettengell56@telegraph.co.uk,Male,United Kingdom,Aberdeen,408-723-4437
188,Merrielle,Sorro,msorro57@si.edu,Female,United Kingdom,Aberdeen,111-276-1297
189,Delcine,Beesley,dbeesley58@csmonitor.com,Female,United Kingdom,Halton,114-757-5672
190,Wally,Haveline,whaveline59@tinypic.com,Male,United Kingdom,Horton,466-585-0102
191,Pepe,Schruur,pschruur5a@comcast.net,Male,United Kingdom,Ford,308-765-1500
192,Amos,Pollen,apollen5b@tripadvisor.com,Male,United Kingdom,Newton,124-684-9991
193,Hewe,Ivell,hivell5c@google.cn,Male,United Kingdom,Sheffield,119-260-4891
194,Arney,MacAvaddy,amacavaddy5d@t.co,Male,United Kingdom,Walton,512-778-1737
195,Wolfie,Bellin,wbellin5e@va.gov,Male,United Kingdom,Denton,193-989-3979
196,Rockwell,Fluit,rfluit5f@jigsy.com,Male,United Kingdom,Horton,731-164-5514
197,Ferd,Ciani,fciani5g@tamu.edu,Male,United Kingdom,East End,997-654-8384
198,Mandie,Lythgoe,mlythgoe5h@tinypic.com,Female,United Kingdom,Dean,722-316-1504
199,Janaya,Shorten,jshorten5i@nature.com,Female,United Kingdom,Newtown,457-551-0906
200,Gherardo,Goomes,ggoomes5j@histats.com,Male,United Kingdom,Linton,872-354-0771
201,Emmit,Creane,ecreane5k@technorati.com,Male,United Kingdom,London,142-444-0618
202,Yuri,Christofor,ychristofor5l@ed.gov,Male,United Kingdom,Thorpe,305-122-6227
203,Neely,Gallemore,ngallemore5m@goo.ne.jp,Female,United Kingdom,Stapleford,549-819-8726
204,Emmey,Ellaman,eellaman5n@walmart.com,Female,United Kingdom,Birmingham,732-938-3195
205,Felike,Antuoni,fantuoni5o@friendfeed.com,Male,United Kingdom,Linton,587-317-7222
206,Imogene,Eary,ieary5p@t-online.de,Female,United Kingdom,Birmingham,195-199-3882
207,Rod,Guerrieri,rguerrieri5q@skyrock.com,Male,United Kingdom,Craigavon,620-912-3399
208,Norina,Stoddard,nstoddard5r@tripadvisor.com,Female,United Kingdom,Ashley,921-569-1436
209,Benedikt,Riha,briha5s@i2i.jp,Male,United Kingdom,London,191-381-7272
210,Michaela,Terbrugge,mterbrugge5t@example.com,Female,United Kingdom,Birmingham,881-120-9357
211,Priscella,Drury,pdrury5u@unicef.org,Female,United Kingdom,Liverpool,414-748-0457
212,Blondelle,Aldrich,baldrich5v@msn.com,Female,United Kingdom,Edinburgh,801-831-1707
213,Brenn,Davydenko,bdavydenko5w@facebook.com,Female,United Kingdom,Aston,796-161-9300
214,Vitia,McLagain,vmclagain5x@cpanel.net,Female,United Kingdom,Liverpool,675-220-5959
215,Hieronymus,Maty,hmaty5y@va.gov,Male,United Kingdom,West End,430-569-5673
216,Lockwood,Verriour,lverriour5z@google.cn,Male,United Kingdom,Pentre,867-187-7124
217,Calhoun,Horsefield,chorsefield60@uiuc.edu,Male,United Kingdom,Milton,901-770-1087
218,Hamlin,Bollin,hbollin61@merriam-webster.com,Male,United Kingdom,Langley,793-849-2616
219,Briggs,Manske,bmanske62@csmonitor.com,Male,United Kingdom,Newton,854-615-2060
220,Doralynne,Burgisi,dburgisi63@etsy.com,Female,United Kingdom,London,615-278-8987
221,Ron,Blesdill,rblesdill64@prweb.com,Male,United Kingdom,Bristol,835-356-3319
222,Jaquelyn,Faloon,jfaloon65@marketwatch.com,Female,United Kingdom,London,937-468-8946
223,Ernie,Du Hamel,eduhamel66@accuweather.com,Male,United Kingdom,Kirkton,840-862-8836
224,Dara,Larcombe,dlarcombe67@wired.com,Female,United Kingdom,Glasgow,863-749-1552
225,Cristen,De Francesco,cdefrancesco68@lycos.com,Female,United Kingdom,Milton,570-169-2875
226,Raymond,Totterdill,rtotterdill69@europa.eu,Male,United Kingdom,Marston,890-491-8518
227,Ibrahim,Walas,iwalas6a@liveinternet.ru,Male,United Kingdom,London,491-736-3266
228,Jaclin,Prydie,jprydie6b@mozilla.org,Female,United Kingdom,London,990-772-4213
229,Terri-jo,Ellacombe,tellacombe6c@seattletimes.com,Female,United Kingdom,Church End,246-359-5740
230,Easter,Woodthorpe,ewoodthorpe6d@jugem.jp,Female,United Kingdom,Thorpe,722-830-1947
231,Susanetta,MacRirie,smacririe6e@posterous.com,Female,United Kingdom,Newbiggin,231-446-0003
232,Opalina,Richford,orichford6f@chicagotribune.com,Female,United Kingdom,Birmingham,790-805-4928
233,Rosalia,Teresi,rteresi6g@un.org,Female,United Kingdom,Whitwell,991-374-4860
234,Temp,Dionsetto,tdionsetto6h@columbia.edu,Male,United Kingdom,Upton,625-836-1143
235,Bonnie,Cino,bcino6i@apache.org,Female,United Kingdom,Newtown,917-738-6510
236,Sofia,Lashley,slashley6j@sitemeter.com,Female,United Kingdom,Weston,823-278-8900
237,Odie,Mellon,omellon6k@discuz.net,Male,United Kingdom,Manchester,766-574-6090
238,Allix,Luca,aluca6l@europa.eu,Female,United Kingdom,Norton,762-945-6921
239,Gordie,Crosham,gcrosham6m@google.co.jp,Male,United Kingdom,Normanton,261-173-3671
240,Ephraim,Philcox,ephilcox6n@newyorker.com,Male,United Kingdom,Pentre,132-984-6709
241,Audra,Winsley,awinsley6o@twitpic.com,Female,United Kingdom,Tullich,509-639-4866
242,Fey,Kubica,fkubica6p@telegraph.co.uk,Female,United Kingdom,Edinburgh,246-423-6146
243,Osbourne,Korba,okorba6q@wunderground.com,Male,United Kingdom,Sheffield,960-327-3440
244,Edouard,Dalyiel,edalyiel6r@patch.com,Male,United Kingdom,London,341-643-9544
245,Marlin,Timmens,mtimmens6s@nps.gov,Male,United Kingdom,Langley,698-473-7073
246,Flor,Coonan,fcoonan6t@netlog.com,Female,United Kingdom,Sheffield,553-492-7765
247,Guthry,Phelips,gphelips6u@google.co.uk,Male,United Kingdom,Newton,360-137-2970
248,Etta,Giff,egiff6v@mozilla.org,Female,United Kingdom,Pentre,210-974-8776
249,Daren,Nevet,dnevet6w@dropbox.com,Male,United Kingdom,Merton,946-977-1512
250,Shanta,Karslake,skarslake6x@utexas.edu,Female,United Kingdom,Bradford,481-672-1445
251,Carson,Gadaud,cgadaud6y@marriott.com,Male,United Kingdom,Hatton,182-210-7043
252,Roth,Chucks,rchucks6z@mit.edu,Male,United Kingdom,London,266-746-3873
253,Glynis,Morford,gmorford70@hao123.com,Female,United Kingdom,Whitwell,670-885-4706
254,Jolene,Skepper,jskepper71@umn.edu,Female,United Kingdom,Liverpool,950-306-7533
255,Rudolf,Rodear,rrodear72@usda.gov,Male,United Kingdom,Edinburgh,612-512-0612
256,Rorie,Angelini,rangelini73@tripod.com,Female,United Kingdom,Aston,128-184-3008
257,Modesta,Kording,mkording74@networksolutions.com,Female,United Kingdom,Aberdeen,749-674-9441
258,Jammie,Simony,jsimony75@pagesperso-orange.fr,Female,United Kingdom,Upton,943-950-3817
259,Peyter,Sawford,psawford76@paginegialle.it,Male,United Kingdom,Edinburgh,206-429-8843
260,Myrtice,Cutforth,mcutforth77@chronoengine.com,Female,United Kingdom,Bristol,386-606-1405
261,Tomkin,Critchell,tcritchell78@arizona.edu,Male,United Kingdom,Norton,591-212-2216
262,Simeon,Barette,sbarette79@youku.com,Male,United Kingdom,London,168-890-8642
263,Nyssa,Spaldin,nspaldin7a@paypal.com,Female,United Kingdom,London,984-140-1083
264,Wyatt,Strangwood,wstrangwood7b@aboutads.info,Male,United Kingdom,Birmingham,264-673-3894
265,Matthiew,Bickerton,mbickerton7c@upenn.edu,Male,United Kingdom,Dean,108-512-8003
266,Tully,Streader,tstreader7d@people.com.cn,Male,United Kingdom,Eaton,512-148-6424
267,Abby,Angelo,aangelo7e@hatena.ne.jp,Male,United Kingdom,Newton,861-261-1422
268,Dorice,Ianinotti,dianinotti7f@dyndns.org,Female,United Kingdom,Sheffield,696-863-9839
269,Olia,Vidineev,ovidineev7g@pbs.org,Female,United Kingdom,Leeds,520-493-0036
270,Sonnnie,Corser,scorser7h@pinterest.com,Female,United Kingdom,Leeds,133-567-2609
271,Georgie,Matonin,gmatonin7i@flavors.me,Female,United Kingdom,Horton,874-554-0591
272,Talbot,Grouen,tgrouen7j@zimbio.com,Male,United Kingdom,Milton,262-738-9415
273,Alberik,Buncombe,abuncombe7k@cisco.com,Male,United Kingdom,London,740-313-4014
274,Maribel,Bellefonte,mbellefonte7l@deliciousdays.com,Female,United Kingdom,Thorpe,433-162-5031
275,Paula,Gregorowicz,pgregorowicz7m@studiopress.com,Female,United Kingdom,Ford,579-473-7543
276,Silvana,Larkkem,slarkkem7n@hao123.com,Female,United Kingdom,Sutton,156-993-1766
277,Cathie,Callar,ccallar7o@japanpost.jp,Female,United Kingdom,Milton,988-642-0669
278,Elvyn,Cardinale,ecardinale7p@oakley.com,Male,United Kingdom,Sutton,625-526-3798
279,Timothy,Battersby,tbattersby7q@clickbank.net,Male,United Kingdom,Sheffield,304-168-6109
280,Aleen,Shillito,ashillito7r@nationalgeographic.com,Female,United Kingdom,Liverpool,171-257-8163
281,Trip,Stoggell,tstoggell7s@cornell.edu,Male,United Kingdom,Eaton,245-542-2082
282,Coralie,Overington,coverington7t@rediff.com,Female,United Kingdom,Church End,559-955-3470
283,Fran,Hazelhurst,fhazelhurst7u@google.fr,Male,United Kingdom,Newton,125-102-3458
284,Coletta,Glanz,cglanz7v@icio.us,Female,United Kingdom,Charlton,860-978-4109
285,Lela,Ivshin,livshin7w@reference.com,Female,United Kingdom,Burnside,159-147-2661
286,Millie,Steade,msteade7x@scribd.com,Female,United Kingdom,Buckland,915-222-9935
287,Bea,Grinaugh,bgrinaugh7y@cloudflare.com,Female,United Kingdom,Newton,637-554-9808
288,Wiatt,Carlyle,wcarlyle7z@state.gov,Male,United Kingdom,London,521-222-5379
289,Marylinda,Lethieulier,mlethieulier80@github.io,Female,United Kingdom,Swindon,521-215-3037
290,Gussie,Newsham,gnewsham81@vkontakte.ru,Female,United Kingdom,Church End,642-464-6134
291,Anjela,Fresson,afresson82@soup.io,Female,United Kingdom,Denton,924-721-0154
292,Paton,Bleakman,pbleakman83@spiegel.de,Male,United Kingdom,Manchester,511-769-9220
293,Avie,Umpleby,aumpleby84@nyu.edu,Female,United Kingdom,Kingston,692-113-6058
294,Andeee,Back,aback85@tinyurl.com,Female,United Kingdom,Upton,934-752-9211
295,Matthieu,Toretta,mtoretta86@hhs.gov,Male,United Kingdom,Buckland,639-495-3742
296,Sileas,Dyball,sdyball87@berkeley.edu,Female,United Kingdom,Hatton,971-233-8767
297,Tricia,O'Bradain,tobradain88@epa.gov,Female,United Kingdom,Dean,585-158-4331
298,Ruggiero,De Beauchamp,rdebeauchamp89@apache.org,Male,United Kingdom,Halton,415-307-1230
299,Bentley,Allenson,ballenson8a@typepad.com,Male,United Kingdom,Whitchurch,734-506-7661
300,Chaim,Eyres,ceyres8b@example.com,Male,United Kingdom,Bristol,207-482-7156
301,Bevin,Esslemont,besslemont8c@storify.com,Male,United Kingdom,Liverpool,201-643-2043
302,Fabiano,Bertouloume,fbertouloume8d@samsung.com,Male,United Kingdom,Church End,505-784-4499
303,Antonie,Carney,acarney8e@artisteer.com,Female,United Kingdom,Sutton,240-506-5836
304,Wilfrid,Wickey,wwickey8f@army.mil,Male,United Kingdom,Birmingham,476-381-9379
305,Roddy,Bucknell,rbucknell8g@about.com,Male,United Kingdom,Bristol,112-111-2715
306,Staford,Spurritt,sspurritt8h@telegraph.co.uk,Male,United Kingdom,Swindon,479-620-5253
307,Cordy,Goodhew,cgoodhew8i@delicious.com,Male,United Kingdom,Aberdeen,814-290-9628
308,Obadias,Bernt,obernt8j@google.com.hk,Male,United Kingdom,Normanton,691-418-8624
309,Laney,Giraudat,lgiraudat8k@last.fm,Male,United Kingdom,Denton,952-970-4232
310,Othello,Hanratty,ohanratty8l@harvard.edu,Male,United Kingdom,Linton,286-455-3806
311,Milton,Whitehall,mwhitehall8m@wikia.com,Male,United Kingdom,Birmingham,991-968-3239
312,Allene,MacCourt,amaccourt8n@ucla.edu,Female,United Kingdom,Tullich,688-180-5098
313,Gerick,Slemmonds,gslemmonds8o@indiegogo.com,Male,United Kingdom,Stapleford,458-715-0420
314,Arvin,Leddie,aleddie8p@desdev.cn,Male,United Kingdom,Brampton,863-584-8565
315,Pearce,Guiet,pguiet8q@uol.com.br,Male,United Kingdom,Liverpool,495-813-1335
316,Roanna,Gertray,rgertray8r@devhub.com,Female,United Kingdom,London,473-369-0978
317,Maury,Bryett,mbryett8s@squidoo.com,Male,United Kingdom,Wirral,717-431-4680
318,Hesther,Gordon,hgordon8t@fc2.com,Female,United Kingdom,Craigavon,543-135-3453
319,Bondy,Caitlin,bcaitlin8u@hhs.gov,Male,United Kingdom,Glasgow,698-558-6227
320,Venus,Beachamp,vbeachamp8v@omniture.com,Female,United Kingdom,Kinloch,810-959-8168
321,Maggi,Bulfoot,mbulfoot8w@51.la,Female,United Kingdom,Kinloch,300-208-1425
322,Lance,Pastor,lpastor8x@t.co,Male,United Kingdom,Hatton,581-789-0455
323,Ingemar,Laden,iladen8y@cisco.com,Male,United Kingdom,Whitchurch,899-959-9712
324,Solly,Bienvenu,sbienvenu8z@google.nl,Male,United Kingdom,Normanton,361-317-4534
325,Giusto,Croce,gcroce90@webmd.com,Male,United Kingdom,Milton,350-440-2611
326,Marne,McDuffie,mmcduffie91@accuweather.com,Female,United Kingdom,Sutton,748-883-7984
327,Sunny,Monks,smonks92@bloglines.com,Female,United Kingdom,Merton,339-190-3330
328,Marten,Horsey,mhorsey93@gizmodo.com,Male,United Kingdom,Manchester,710-896-6484
329,Elly,De Vaux,edevaux94@google.ca,Female,United Kingdom,Manchester,232-264-9598
330,Silvano,Addess,saddess95@yellowpages.com,Male,United Kingdom,Weston,385-418-6011
331,Liane,Sheardown,lsheardown96@1688.com,Female,United Kingdom,Twyford,231-764-1403
332,Filmer,Crowd,fcrowd97@nydailynews.com,Male,United Kingdom,Newton,620-252-4346
333,Brook,Bradwell,bbradwell98@geocities.com,Male,United Kingdom,Sutton,140-623-5894
334,Erie,Gatherell,egatherell99@theguardian.com,Male,United Kingdom,Marston,709-875-6481
335,Christoffer,Izat,cizat9a@i2i.jp,Male,United Kingdom,Birmingham,785-470-1854
336,Jasper,Jacklin,jjacklin9b@nhs.uk,Male,United Kingdom,Langley,642-460-5596
337,Aline,Wignall,awignall9c@howstuffworks.com,Female,United Kingdom,Swindon,283-720-2613
338,Veronique,Pentony,vpentony9d@quantcast.com,Female,United Kingdom,Newtown,163-918-7387
339,Faina,Bertrand,fbertrand9e@angelfire.com,Female,United Kingdom,Halton,711-202-3832
340,Evelina,Jerromes,ejerromes9f@columbia.edu,Female,United Kingdom,Preston,101-483-1125
341,Abbey,Deny,adeny9g@4shared.com,Female,United Kingdom,Merton,170-835-9814
342,Reinold,Barsam,rbarsam9h@wsj.com,Male,United Kingdom,Marston,960-557-2560
343,Gleda,Stirley,gstirley9i@npr.org,Female,United Kingdom,Liverpool,515-416-8295
344,Bond,Brookzie,bbrookzie9j@ovh.net,Male,United Kingdom,Brampton,114-772-6565
345,Kasey,Burman,kburman9k@fastcompany.com,Female,United Kingdom,Aston,890-589-8332
346,Nadiya,Shelvey,nshelvey9l@youtube.com,Female,United Kingdom,Preston,793-351-3112
347,Mahmud,Dresser,mdresser9m@ca.gov,Male,United Kingdom,Dean,317-778-7900
348,Celestine,Bratton,cbratton9n@linkedin.com,Female,United Kingdom,West End,559-896-3104
349,Melisse,Luck,mluck9o@discovery.com,Female,United Kingdom,Eaton,492-496-2575
350,Carolann,Muckersie,cmuckersie9p@nifty.com,Female,United Kingdom,Milton,671-154-1356
351,Odell,Stoffels,ostoffels9q@meetup.com,Male,United Kingdom,Milton,872-792-4619
352,Sheridan,Crocetto,scrocetto9r@nasa.gov,Male,United Kingdom,Edinburgh,107-133-8111
353,Bron,O' Molan,bomolan9s@smh.com.au,Male,United Kingdom,Bristol,974-440-3570
354,Burton,Darrow,bdarrow9t@nationalgeographic.com,Male,United Kingdom,Norton,544-124-7266
355,Tannie,Girdler,tgirdler9u@bizjournals.com,Male,United Kingdom,Burnside,811-758-8610
356,Melodee,Britt,mbritt9v@tripod.com,Female,United Kingdom,Brampton,769-835-8319
357,Kaleb,Esselin,kesselin9w@surveymonkey.com,Male,United Kingdom,London,874-953-6577
358,Alyda,Eixenberger,aeixenberger9x@live.com,Female,United Kingdom,West End,692-160-7543
359,Sondra,Balf,sbalf9y@wufoo.com,Female,United Kingdom,Milton,461-958-6092
360,Wake,Credland,wcredland9z@nhs.uk,Male,United Kingdom,Eaton,924-649-1020
361,Caesar,Kippax,ckippaxa0@live.com,Male,United Kingdom,Newbiggin,835-310-0645
362,Janela,Cordon,jcordona1@jalbum.net,Female,United Kingdom,Bristol,314-296-0353
363,Kerry,Hadland,khadlanda2@scientificamerican.com,Female,United Kingdom,Newport,283-934-0588
364,Glynda,Swatradge,gswatradgea3@wordpress.com,Female,United Kingdom,Milton,151-309-3076
365,Ring,Vanyard,rvanyarda4@tripod.com,Male,United Kingdom,Belfast,513-326-1728
366,Norry,Borg-Bartolo,nborgbartoloa5@admin.ch,Female,United Kingdom,Newbiggin,438-128-0240
367,Rodolph,Sumpton,rsumptona6@edublogs.org,Male,United Kingdom,Twyford,695-555-5133
368,Berky,Phoebe,bphoebea7@newsvine.com,Male,United Kingdom,London,146-766-3296
369,Ardis,Crollman,acrollmana8@nih.gov,Female,United Kingdom,Bradford,702-772-5166
370,Devan,Cayet,dcayeta9@vk.com,Female,United Kingdom,Church End,414-112-6804
371,Lutero,Vinton,lvintonaa@miitbeian.gov.cn,Male,United Kingdom,Bristol,161-199-2941
372,Farrah,Penwright,fpenwrightab@meetup.com,Female,United Kingdom,Burnside,407-280-2954
373,Conant,Hatherley,chatherleyac@drupal.org,Male,United Kingdom,Upton,130-611-1679
374,Clerc,Salleir,csalleirad@hao123.com,Male,United Kingdom,Sutton,464-548-4896
375,Town,Cockrem,tcockremae@google.ca,Male,United Kingdom,Swindon,211-938-1933
376,Brook,Bolderson,bboldersonaf@java.com,Female,United Kingdom,Weston,118-668-3092
377,Christabel,Alten,caltenag@dell.com,Female,United Kingdom,West End,283-668-6439
378,Gene,Portman,gportmanah@pbs.org,Male,United Kingdom,Tullich,699-294-7765
379,Hardy,Espina,hespinaai@hostgator.com,Male,United Kingdom,Birmingham,291-275-1401
380,Ajay,Starking,astarkingaj@vinaora.com,Female,United Kingdom,Ashley,391-315-8134
381,Sherman,Chatburn,schatburnak@youku.com,Male,United Kingdom,Ford,709-964-5090
382,Mandi,Enga,mengaal@joomla.org,Female,United Kingdom,Thorpe,199-871-9634
383,Ramsey,Tullis,rtullisam@mit.edu,Male,United Kingdom,Normanton,425-754-9684
384,Orson,Forder,oforderan@paginegialle.it,Male,United Kingdom,Merton,576-290-4532
385,Lucille,Pannett,lpannettao@springer.com,Female,United Kingdom,Newport,380-465-2700
386,Darcy,Swarbrick,dswarbrickap@opensource.org,Female,United Kingdom,Newbiggin,711-560-3515
387,Harlie,Valente,hvalenteaq@quantcast.com,Female,United Kingdom,Horton,882-534-3988
388,Karalynn,Nicholl,knichollar@google.com,Female,United Kingdom,Tullich,531-379-8214
389,Hedwiga,Gasperi,hgasperias@indiegogo.com,Female,United Kingdom,Middleton,504-167-4696
390,Basilio,Affron,baffronat@shinystat.com,Male,United Kingdom,Newbiggin,374-806-6353
391,Ibby,Theml,ithemlau@ezinearticles.com,Female,United Kingdom,Ford,727-133-8058
392,Felita,Karslake,fkarslakeav@wufoo.com,Female,United Kingdom,Milton,569-427-3419
393,Brianna,Wiggett,bwiggettaw@networkadvertising.org,Female,United Kingdom,Dean,258-749-0927
394,Tiffani,Thrustle,tthrustleax@twitter.com,Female,United Kingdom,Ford,749-841-1845
395,Tamma,Proger,tprogeray@printfriendly.com,Female,United Kingdom,London,965-125-5939
396,Evered,Cavalier,ecavalieraz@cdbaby.com,Male,United Kingdom,East End,259-470-7495
397,Teena,Bagehot,tbagehotb0@indiatimes.com,Female,United Kingdom,Belfast,743-375-9520
398,Nell,Ridwood,nridwoodb1@tiny.cc,Female,United Kingdom,Birmingham,843-259-5701
399,Dickie,Dell'Abbate,ddellabbateb2@google.nl,Male,United Kingdom,Newton,109-983-5802
400,Basile,Posten,bpostenb3@angelfire.com,Male,United Kingdom,Middleton,310-294-7798
401,Teddy,Gummow,tgummowb4@squidoo.com,Female,United Kingdom,Manchester,146-530-4843
402,Flor,Liccardo,fliccardob5@nydailynews.com,Female,United Kingdom,Weston,941-565-7693
403,Morissa,Bayle,mbayleb6@feedburner.com,Female,United Kingdom,Marston,896-500-8477
404,Zedekiah,Pilfold,zpilfoldb7@nba.com,Male,United Kingdom,Milton,172-561-3806
405,Clair,Dahlback,cdahlbackb8@yahoo.com,Female,United Kingdom,Buckland,313-974-7312
406,Nert,Eddicott,neddicottb9@a8.net,Female,United Kingdom,Ford,192-958-5474
407,Artemas,Zipsell,azipsellba@pcworld.com,Male,United Kingdom,Glasgow,918-574-3229
408,Janeen,Lyness,jlynessbb@businessweek.com,Female,United Kingdom,Kinloch,739-989-6833
409,Germain,Yude,gyudebc@seesaa.net,Male,United Kingdom,Bradford,329-800-7275
410,Jermain,Herrema,jherremabd@furl.net,Male,United Kingdom,Sheffield,679-666-7427
411,Aubrey,Favey,afaveybe@wunderground.com,Female,United Kingdom,Milton,392-870-6067
412,Angelina,Fullbrook,afullbrookbf@intel.com,Female,United Kingdom,Sheffield,120-912-9975
413,Juditha,Kordt,jkordtbg@php.net,Female,United Kingdom,Sheffield,220-323-4403
414,Link,Ivashnyov,livashnyovbh@posterous.com,Male,United Kingdom,Kingston,158-502-2386
415,Lu,Flintoft,lflintoftbi@ebay.co.uk,Female,United Kingdom,Wootton,254-874-7504
416,Rurik,Vasyunkin,rvasyunkinbj@sun.com,Male,United Kingdom,Kingston,707-196-2390
417,Bent,Yukhnev,byukhnevbk@baidu.com,Male,United Kingdom,Upton,466-778-6889
418,Sara-ann,Coggin,scogginbl@bloglines.com,Female,United Kingdom,Aberdeen,188-979-9849
419,Bank,Hymans,bhymansbm@jugem.jp,Male,United Kingdom,Church End,759-197-7302
420,Sher,Leavey,sleaveybn@imgur.com,Female,United Kingdom,Seaton,212-751-8880
421,Rita,Lemanu,rlemanubo@cloudflare.com,Female,United Kingdom,East End,717-815-1401
422,Babb,Zavattero,bzavatterobp@jigsy.com,Female,United Kingdom,Dean,476-227-3933
423,Amelita,Cloughton,acloughtonbq@slate.com,Female,United Kingdom,Bristol,485-433-0690
424,Van,Niche,vnichebr@trellian.com,Male,United Kingdom,Halton,365-712-9707
425,Cobb,Haygreen,chaygreenbs@drupal.org,Male,United Kingdom,Pentre,509-546-7787
426,Gregorius,Kesper,gkesperbt@reuters.com,Male,United Kingdom,Liverpool,449-431-2388
427,Rozele,Duckerin,rduckerinbu@devhub.com,Female,United Kingdom,Kinloch,451-430-3800
428,Euphemia,Fairchild,efairchildbv@163.com,Female,United Kingdom,Birmingham,392-889-3186
429,Tedie,Gandy,tgandybw@pen.io,Male,United Kingdom,Sheffield,138-705-2317
430,Tammy,Sheivels,tsheivelsbx@printfriendly.com,Female,United Kingdom,London,705-680-7519
431,Marissa,Mc Combe,mmccombeby@google.ca,Female,United Kingdom,Weston,461-857-1801
432,Vick,Graffham,vgraffhambz@opensource.org,Male,United Kingdom,Twyford,638-329-6957
433,Bernete,Capener,bcapenerc0@sourceforge.net,Female,United Kingdom,Leeds,127-830-6673
434,Karry,Henker,khenkerc1@google.com,Female,United Kingdom,Stapleford,728-843-2729
435,Cindra,Orman,cormanc2@drupal.org,Female,United Kingdom,Preston,429-499-2994
436,Mellie,Spaven,mspavenc3@instagram.com,Female,United Kingdom,Thorpe,305-332-1992
437,Anatole,Hlavecek,ahlavecekc4@boston.com,Male,United Kingdom,Kirkton,255-455-9878
438,Carol-jean,Pracy,cpracyc5@xinhuanet.com,Female,United Kingdom,West End,984-851-4462
439,Frederik,Cains,fcainsc6@uiuc.edu,Male,United Kingdom,West End,148-840-7661
440,Iorgos,Phippen,iphippenc7@exblog.jp,Male,United Kingdom,Liverpool,335-695-8917
441,Seamus,Berni,sbernic8@google.co.jp,Male,United Kingdom,Twyford,728-697-4383
442,Fabiano,Tooby,ftoobyc9@myspace.com,Male,United Kingdom,Newton,152-607-0929
443,Anthea,McGiven,amcgivenca@issuu.com,Female,United Kingdom,Upton,439-391-3740
444,Rube,Daniello,rdaniellocb@webeden.co.uk,Male,United Kingdom,Halton,194-476-2177
445,Merralee,Lancaster,mlancastercc@last.fm,Female,United Kingdom,Newport,863-818-4972
446,Skippy,Morais,smoraiscd@histats.com,Male,United Kingdom,Norton,323-196-9568
447,Shirley,Kieran,skierance@fema.gov,Female,United Kingdom,Dean,383-551-0633
448,Wells,Whillock,wwhillockcf@hp.com,Male,United Kingdom,Manchester,498-431-2606
449,Falkner,Scutt,fscuttcg@vimeo.com,Male,United Kingdom,Stapleford,725-848-1855
450,Nicola,Vamplus,nvamplusch@lulu.com,Male,United Kingdom,Norton,159-672-0314
451,Sig,Hurring,shurringci@dmoz.org,Male,United Kingdom,Leeds,316-976-1521
452,Carlos,Gooden,cgoodencj@booking.com,Male,United Kingdom,Kirkton,654-286-4199
453,Kerrill,Gatley,kgatleyck@shinystat.com,Female,United Kingdom,Preston,320-746-0327
454,Jorgan,Iceton,jicetoncl@i2i.jp,Male,United Kingdom,Sheffield,434-128-2110
455,Barnabas,Sharrem,bsharremcm@prweb.com,Male,United Kingdom,Tullich,298-664-4364
456,Kermit,Hargrove,khargrovecn@apache.org,Male,United Kingdom,Hatton,643-887-5978
457,Christian,McConville,cmcconvilleco@sakura.ne.jp,Male,United Kingdom,Bristol,692-400-0240
458,Tades,Grisley,tgrisleycp@studiopress.com,Male,United Kingdom,Edinburgh,746-219-8544
459,Eleanore,Skerme,eskermecq@psu.edu,Female,United Kingdom,Aston,884-308-8068
460,Deana,Reilinger,dreilingercr@umich.edu,Female,United Kingdom,Belfast,492-539-9025
461,Tyrus,Chaudron,tchaudroncs@macromedia.com,Male,United Kingdom,West End,842-174-8963
462,Tootsie,Labitt,tlabittct@slideshare.net,Female,United Kingdom,Tullich,754-215-7811
463,Tessi,Stoddard,tstoddardcu@wordpress.com,Female,United Kingdom,Aberdeen,315-607-3122
464,Susi,George,sgeorgecv@utexas.edu,Female,United Kingdom,Stapleford,427-117-3512
465,Lise,Isacsson,lisacssoncw@quantcast.com,Female,United Kingdom,Hatton,257-532-1546
466,Hilary,Wimp,hwimpcx@accuweather.com,Male,United Kingdom,Sheffield,958-889-3550
467,Mariellen,O' Sullivan,mosullivancy@flickr.com,Female,United Kingdom,Swindon,973-435-9410
468,Christalle,Fearne,cfearnecz@amazon.co.jp,Female,United Kingdom,Upton,115-534-7843
469,Carlee,Wanka,cwankad0@slideshare.net,Female,United Kingdom,Bradford,124-770-9420
470,Philippa,Roskeilly,proskeillyd1@artisteer.com,Female,United Kingdom,Newport,916-442-9421
471,Ahmad,Gaudin,agaudind2@mayoclinic.com,Male,United Kingdom,Whitwell,976-651-8610
472,Liesa,Badder,lbadderd3@cocolog-nifty.com,Female,United Kingdom,Aston,266-765-7659
473,Hermine,Horstead,hhorsteadd4@fotki.com,Female,United Kingdom,Bristol,704-580-0124
474,Shirline,Wickey,swickeyd5@prnewswire.com,Female,United Kingdom,Norton,155-755-7056
475,Dolf,Mioni,dmionid6@github.io,Male,United Kingdom,Upton,946-196-5218
476,Marcellus,Abisetti,mabisettid7@google.ru,Male,United Kingdom,Aberdeen,829-315-4534
477,Gloriane,Abramowitch,gabramowitchd8@taobao.com,Female,United Kingdom,Liverpool,229-329-4784
478,Heath,Olenov,holenovd9@psu.edu,Male,United Kingdom,Manchester,401-378-8992
479,Colin,Brezlaw,cbrezlawda@adobe.com,Male,United Kingdom,London,798-356-4128
480,Karia,Le Merchant,klemerchantdb@jigsy.com,Female,United Kingdom,Sutton,732-773-1762
481,Neila,Farra,nfarradc@istockphoto.com,Female,United Kingdom,Buckland,125-493-7056
482,Gawain,Purselowe,gpurselowedd@globo.com,Male,United Kingdom,Kingston,794-203-2345
483,Rowena,Swinglehurst,rswinglehurstde@bing.com,Female,United Kingdom,Upton,499-541-5950
484,Crysta,Yegorchenkov,cyegorchenkovdf@fema.gov,Female,United Kingdom,Ashley,394-726-4526
485,Siouxie,Fateley,sfateleydg@joomla.org,Female,United Kingdom,Dean,539-618-7306
486,Bartholemy,Goldthorp,bgoldthorpdh@netscape.com,Male,United Kingdom,London,592-424-8962
487,Constantin,Hammond,chammonddi@bluehost.com,Male,United Kingdom,Kingston,443-163-2599
488,Goldia,Catton,gcattondj@bloglovin.com,Female,United Kingdom,Hatton,181-335-4065
489,Edsel,Demoge,edemogedk@pcworld.com,Male,United Kingdom,London,288-302-5617
490,Konstanze,Colquite,kcolquitedl@slashdot.org,Female,United Kingdom,Newtown,457-689-9132
491,Erinn,Dudgeon,edudgeondm@google.pl,Female,United Kingdom,Brampton,711-315-0147
492,Kimberlee,Sygrove,ksygrovedn@house.gov,Female,United Kingdom,East End,987-897-0069
493,Filippo,Winney,fwinneydo@apache.org,Male,United Kingdom,Wootton,136-804-1089
494,Vicky,Murdy,vmurdydp@google.cn,Female,United Kingdom,Dean,645-497-8062
495,Daphne,Harrisson,dharrissondq@nih.gov,Female,United Kingdom,Tullich,316-636-7084
496,Franny,Holdall,fholdalldr@bing.com,Female,United Kingdom,Swindon,276-865-9893
497,Nelli,Breitler,nbreitlerds@census.gov,Female,United Kingdom,Burnside,985-203-0140
498,Amelie,Tranfield,atranfielddt@woothemes.com,Female,United Kingdom,Newport,605-113-8838
499,Sutton,Hryniewicki,shryniewickidu@thetimes.co.uk,Male,United Kingdom,Bristol,534-674-7440
500,Oren,Canham,ocanhamdv@cnn.com,Male,United Kingdom,Sutton,257-467-7608
501,Marcile,Lucken,mluckendw@mozilla.com,Female,United Kingdom,London,744-475-9106
502,Warden,Matteoni,wmatteonidx@foxnews.com,Male,United Kingdom,Normanton,594-145-6752
503,Dominga,Camp,dcampdy@tmall.com,Female,United Kingdom,Middleton,498-863-7823
504,Bonnee,Elph,belphdz@cmu.edu,Female,United Kingdom,West End,944-928-7570
505,Rosalie,Krollmann,rkrollmanne0@yelp.com,Female,United Kingdom,Church End,106-563-1237
506,Shanie,Peschke,speschkee1@hugedomains.com,Female,United Kingdom,London,266-335-5526
507,Sarajane,Salvage,ssalvagee2@huffingtonpost.com,Female,United Kingdom,Kinloch,334-179-8206
508,Verene,L'argent,vlargente3@wikimedia.org,Female,United Kingdom,Halton,315-453-2441
509,Jamison,Flipek,jflipeke4@cbc.ca,Male,United Kingdom,Newbiggin,658-152-5087
510,Gardiner,Glavis,gglavise5@redcross.org,Male,United Kingdom,Norton,138-753-8956
511,Orlan,Ducket,oduckete6@e-recht24.de,Male,United Kingdom,Carlton,476-409-2455
512,Fayina,Botte,fbottee7@addthis.com,Female,United Kingdom,Manchester,893-864-5317
513,Bradly,Lyddiatt,blyddiatte8@e-recht24.de,Male,United Kingdom,Dean,228-497-3469
514,Winne,Carlozzi,wcarlozzie9@netvibes.com,Female,United Kingdom,Swindon,561-181-8262
515,Korry,Orteau,korteauea@tripod.com,Female,United Kingdom,Milton,860-515-6848
516,Adey,Fife,afifeeb@chicagotribune.com,Female,United Kingdom,Tullich,477-106-1499
517,Kathlin,Stonard,kstonardec@gov.uk,Female,United Kingdom,Manchester,973-173-7815
518,Ravid,Foot,rfooted@altervista.org,Male,United Kingdom,Upton,227-236-1741
519,Emalee,Agdahl,eagdahlee@elpais.com,Female,United Kingdom,Liverpool,595-470-5529
520,Adena,Sangwine,asangwineef@wikimedia.org,Female,United Kingdom,Manchester,321-140-6223
521,Rowland,Presswell,rpresswelleg@shinystat.com,Male,United Kingdom,Leeds,757-940-8630
522,Martino,Kale,mkaleeh@prlog.org,Male,United Kingdom,Stapleford,330-117-2968
523,Yorke,Gohier,ygohierei@digg.com,Male,United Kingdom,London,798-359-4986
524,Rhonda,Maddox,rmaddoxej@facebook.com,Female,United Kingdom,Sutton,283-518-1718
525,Lefty,Angier,langierek@nationalgeographic.com,Male,United Kingdom,Wootton,513-398-7353
526,Tommie,Barnwall,tbarnwallel@rakuten.co.jp,Male,United Kingdom,London,118-968-3085
527,Nertie,Jansie,njansieem@uol.com.br,Female,United Kingdom,Tullich,629-894-3690
528,Pepi,Pash,ppashen@wsj.com,Female,United Kingdom,Kinloch,906-505-2145
529,Colan,Dutnell,cdutnelleo@blogs.com,Male,United Kingdom,London,498-608-2968
530,Maggi,Dome,mdomeep@sourceforge.net,Female,United Kingdom,Aston,967-129-7107
531,John,Boldison,jboldisoneq@surveymonkey.com,Male,United Kingdom,Church End,551-188-0852
532,Alexa,Bolletti,abollettier@ebay.co.uk,Female,United Kingdom,London,967-365-6217
533,Shannen,Byrde,sbyrdees@g.co,Female,United Kingdom,Marston,872-236-1091
534,Gayle,Siddens,gsiddenset@hao123.com,Male,United Kingdom,Merton,837-848-8764
535,Hanan,Belin,hbelineu@chicagotribune.com,Male,United Kingdom,London,529-460-1656
536,Marketa,Walthall,mwalthallev@washingtonpost.com,Female,United Kingdom,Aston,573-295-5884
537,Archaimbaud,Attride,aattrideew@meetup.com,Male,United Kingdom,London,722-232-5268
538,Dag,Le Friec,dlefriecex@latimes.com,Male,United Kingdom,Belfast,883-713-5957
539,Dona,O'Hartnedy,dohartnedyey@e-recht24.de,Female,United Kingdom,Church End,735-261-3619
540,Rudyard,Favell,rfavellez@symantec.com,Male,United Kingdom,Walton,837-908-8844
541,Dagny,Phetteplace,dphetteplacef0@clickbank.net,Male,United Kingdom,Wirral,996-410-3808
542,Jonah,Lammert,jlammertf1@trellian.com,Male,United Kingdom,Kinloch,819-656-5612
543,Glory,Lambin,glambinf2@un.org,Female,United Kingdom,Buckland,759-515-9882
544,Hana,Spadollini,hspadollinif3@oracle.com,Female,United Kingdom,Denton,634-569-1287
545,Homerus,Coolson,hcoolsonf4@creativecommons.org,Male,United Kingdom,Manchester,928-466-3956
546,Carver,Acreman,cacremanf5@xrea.com,Male,United Kingdom,Birmingham,123-446-3184
547,Douglass,Spedding,dspeddingf6@fda.gov,Male,United Kingdom,Sheffield,366-422-9679
548,Jonathon,Thurlbourne,jthurlbournef7@si.edu,Male,United Kingdom,Newport,214-158-5843
549,Andonis,Fearnall,afearnallf8@latimes.com,Male,United Kingdom,Middleton,546-732-8329
550,Si,Sicily,ssicilyf9@posterous.com,Male,United Kingdom,Norton,861-291-8260
551,Tuckie,Rulten,trultenfa@mtv.com,Male,United Kingdom,Sheffield,972-582-0035
552,Boycey,Cardenosa,bcardenosafb@usnews.com,Male,United Kingdom,Whitwell,257-684-9102
553,Shem,Askell,saskellfc@senate.gov,Male,United Kingdom,Twyford,767-361-7139
554,Cammie,Ferriman,cferrimanfd@a8.net,Female,United Kingdom,Ford,142-363-1518
555,Ansell,Litel,alitelfe@slate.com,Male,United Kingdom,Brampton,186-435-0174
556,Ring,Mathewson,rmathewsonff@businessinsider.com,Male,United Kingdom,Halton,211-607-8123
557,Peterus,Darree,pdarreefg@discuz.net,Male,United Kingdom,Stapleford,219-540-5705
558,Zed,Salzen,zsalzenfh@blogspot.com,Male,United Kingdom,Burnside,691-931-9083
559,Ermin,Pee,epeefi@webmd.com,Male,United Kingdom,Stapleford,432-884-7023
560,Marybeth,St. Louis,mstlouisfj@paginegialle.it,Female,United Kingdom,Kingston,834-743-8928
561,Tailor,Bradmore,tbradmorefk@twitter.com,Male,United Kingdom,Sheffield,310-309-5766
562,Alejandro,Beebis,abeebisfl@state.tx.us,Male,United Kingdom,London,514-657-4461
563,Theo,Burnsyde,tburnsydefm@surveymonkey.com,Female,United Kingdom,Upton,741-916-7465
564,Mufinella,MacNeilage,mmacneilagefn@army.mil,Female,United Kingdom,Pentre,434-996-1144
565,Matty,Borley,mborleyfo@jimdo.com,Male,United Kingdom,Edinburgh,961-616-4824
566,Revkah,Baglow,rbaglowfp@devhub.com,Female,United Kingdom,Hatton,821-151-6257
567,Hurlee,Ahren,hahrenfq@hhs.gov,Male,United Kingdom,Halton,926-492-3695
568,Lind,Basson,lbassonfr@webmd.com,Male,United Kingdom,Merton,836-154-3525
569,Gustavus,Fenna,gfennafs@epa.gov,Male,United Kingdom,Sutton,159-965-0767
570,Osmund,Sussans,osussansft@creativecommons.org,Male,United Kingdom,Sutton,448-718-1699
571,Philippine,Crommett,pcrommettfu@miibeian.gov.cn,Female,United Kingdom,Merton,104-121-3741
572,Rudd,Rantoul,rrantoulfv@umich.edu,Male,United Kingdom,Pentre,299-756-8213
573,Niccolo,Bengal,nbengalfw@bloglovin.com,Male,United Kingdom,Kingston,777-629-9942
574,Jacklyn,Tudhope,jtudhopefx@webs.com,Female,United Kingdom,Liverpool,128-377-6884
575,Rurik,Wandless,rwandlessfy@zdnet.com,Male,United Kingdom,Leeds,111-314-8010
576,Nedda,Hindsberg,nhindsbergfz@baidu.com,Female,United Kingdom,Kirkton,337-597-3982
577,Geordie,Graalmans,ggraalmansg0@1688.com,Male,United Kingdom,Norton,191-651-0016
578,Demetre,Perkis,dperkisg1@businessinsider.com,Male,United Kingdom,Pentre,130-698-2789
579,Maryl,Dalrymple,mdalrympleg2@ucoz.com,Female,United Kingdom,Carlton,950-190-1524
580,Joya,Crips,jcripsg3@jalbum.net,Female,United Kingdom,Halton,508-932-8804
581,Carny,Crecy,ccrecyg4@java.com,Male,United Kingdom,London,547-652-8670
582,Creigh,Murden,cmurdeng5@google.es,Male,United Kingdom,East End,705-175-9785
583,Cairistiona,Cattrall,ccattrallg6@posterous.com,Female,United Kingdom,Denton,699-624-9296
584,Hale,Lodo,hlodog7@devhub.com,Male,United Kingdom,London,225-508-7673
585,Bathsheba,Alison,balisong8@slashdot.org,Female,United Kingdom,Langley,856-961-2383
586,Brent,Andrew,bandrewg9@usgs.gov,Male,United Kingdom,Edinburgh,145-423-0201
587,Gwenny,Tolomio,gtolomioga@nifty.com,Female,United Kingdom,Birmingham,126-460-8587
588,Ewan,O'Rafferty,eoraffertygb@jimdo.com,Male,United Kingdom,Bristol,361-572-2705
589,Angelika,McKerley,amckerleygc@creativecommons.org,Female,United Kingdom,Sheffield,435-589-4004
590,Milissent,Clynter,mclyntergd@purevolume.com,Female,United Kingdom,London,652-994-2038
591,Ivar,Mallya,imallyage@vistaprint.com,Male,United Kingdom,Craigavon,154-988-0360
592,Vin,Hollyman,vhollymangf@ycombinator.com,Female,United Kingdom,Norton,233-409-5907
593,Nester,Warnes,nwarnesgg@nytimes.com,Male,United Kingdom,Sheffield,487-942-3469
594,Eddy,Wenger,ewengergh@washington.edu,Female,United Kingdom,Stapleford,113-348-2251
595,Eal,Hailey,ehaileygi@ihg.com,Male,United Kingdom,Brampton,375-830-9366
596,Jesse,Sandercock,jsandercockgj@instagram.com,Male,United Kingdom,Linton,610-336-9138
597,Shanan,Ledrun,sledrungk@issuu.com,Male,United Kingdom,Whitwell,578-938-9311
598,Pace,Denley,pdenleygl@lulu.com,Male,United Kingdom,Pentre,417-772-7990
599,Muhammad,Halewood,mhalewoodgm@t.co,Male,United Kingdom,Sheffield,744-458-6682
600,Alexander,Boldock,aboldockgn@arizona.edu,Male,United Kingdom,Buckland,903-930-9385
601,Ealasaid,Lere,elerego@ifeng.com,Female,United Kingdom,Liverpool,555-287-8598
602,Steffen,Joicey,sjoiceygp@blogger.com,Male,United Kingdom,Dean,679-579-4541
603,Jacenta,Skelcher,jskelchergq@oakley.com,Female,United Kingdom,Sheffield,249-339-7802
604,Donica,Murty,dmurtygr@hp.com,Female,United Kingdom,Burnside,711-290-9849
605,Ardelia,Puttergill,aputtergillgs@ucoz.com,Female,United Kingdom,Leeds,442-557-5321
606,Justin,Orrah,jorrahgt@ning.com,Male,United Kingdom,Kinloch,263-715-9097
607,Anne-marie,Kingerby,akingerbygu@yale.edu,Female,United Kingdom,Denton,331-374-6604
608,Roch,McNulty,rmcnultygv@dell.com,Female,United Kingdom,Ford,913-304-7347
609,Siegfried,Pohls,spohlsgw@home.pl,Male,United Kingdom,London,171-729-9578
610,Theresa,Loude,tloudegx@imageshack.us,Female,United Kingdom,Sutton,261-521-2640
611,Eziechiele,Harkes,eharkesgy@pcworld.com,Male,United Kingdom,Whitchurch,374-146-3472
612,Helaine,Libri,hlibrigz@squidoo.com,Female,United Kingdom,Carlton,949-962-7750
613,Lisabeth,Leeder,lleederh0@hatena.ne.jp,Female,United Kingdom,Walton,554-274-8112
614,Bili,Yakobowitz,byakobowitzh1@blogtalkradio.com,Female,United Kingdom,Kirkton,548-275-8879
615,Archibald,Mathews,amathewsh2@prweb.com,Male,United Kingdom,Thorpe,344-610-4673
616,Micky,Beamson,mbeamsonh3@mashable.com,Female,United Kingdom,London,678-407-1142
617,Gian,Brosi,gbrosih4@amazon.co.uk,Male,United Kingdom,Church End,442-115-7924
618,Sylvester,Chellenham,schellenhamh5@illinois.edu,Male,United Kingdom,Wirral,601-822-3120
619,Rosamund,Dymock,rdymockh6@dyndns.org,Female,United Kingdom,Langley,229-230-1700
620,Armin,Hannon,ahannonh7@wunderground.com,Male,United Kingdom,Thorpe,460-479-0960
621,Durward,Sommerton,dsommertonh8@netlog.com,Male,United Kingdom,Norton,441-836-3193
622,Jocko,Moralis,jmoralish9@blogtalkradio.com,Male,United Kingdom,Liverpool,846-495-2815
623,Haleigh,Mc Ilwrick,hmcilwrickha@ezinearticles.com,Female,United Kingdom,Swindon,100-239-3057
624,Eve,Verna,evernahb@biblegateway.com,Female,United Kingdom,Whitwell,741-381-8676
625,Aldridge,Cotsford,acotsfordhc@creativecommons.org,Male,United Kingdom,Wirral,631-635-4123
626,Lenka,O'Hannen,lohannenhd@house.gov,Female,United Kingdom,Edinburgh,132-686-0251
627,Kerry,Izkovitz,kizkovitzhe@state.tx.us,Male,United Kingdom,Newton,493-233-5675
628,Loren,Lawlan,llawlanhf@slideshare.net,Male,United Kingdom,Newtown,847-152-3973
629,Anissa,John,ajohnhg@zimbio.com,Female,United Kingdom,Merton,395-729-9131
630,Marni,Gaspero,mgasperohh@seattletimes.com,Female,United Kingdom,Glasgow,527-684-1493
631,Shaina,Ambrogi,sambrogihi@alibaba.com,Female,United Kingdom,Denton,406-900-9533
632,Meaghan,Holleworth,mholleworthhj@macromedia.com,Female,United Kingdom,Newton,764-820-2515
633,Kevin,Muttock,kmuttockhk@imgur.com,Male,United Kingdom,Aberdeen,275-108-9940
634,Else,Digg,edigghl@independent.co.uk,Female,United Kingdom,Stapleford,409-341-6681
635,Maximilian,Nisco,mniscohm@indiegogo.com,Male,United Kingdom,London,351-629-1588
636,Lyndell,Stratton,lstrattonhn@statcounter.com,Female,United Kingdom,Ashley,173-518-5288
637,Minta,Grishaev,mgrishaevho@blogtalkradio.com,Female,United Kingdom,Kinloch,433-152-2862
638,Andrey,Petrusch,apetruschhp@who.int,Male,United Kingdom,Halton,477-920-4311
639,Georgetta,Snap,gsnaphq@usgs.gov,Female,United Kingdom,East End,641-967-8718
640,Engracia,Waslin,ewaslinhr@alibaba.com,Female,United Kingdom,Thorpe,408-640-9675
641,Tiphani,Dog,tdoghs@lycos.com,Female,United Kingdom,Wirral,316-535-5727
642,Giavani,Abrahamovitz,gabrahamovitzht@hatena.ne.jp,Male,United Kingdom,Langley,467-995-4016
643,Horten,Budden,hbuddenhu@tamu.edu,Male,United Kingdom,Norton,710-853-7879
644,Uri,Kondrachenko,ukondrachenkohv@utexas.edu,Male,United Kingdom,Denton,401-301-6768
645,Dominick,Ferraretto,dferrarettohw@w3.org,Male,United Kingdom,Milton,184-215-3924
646,Siana,Brownjohn,sbrownjohnhx@arstechnica.com,Female,United Kingdom,London,572-360-7366
647,Selma,Larvent,slarventhy@nifty.com,Female,United Kingdom,Glasgow,536-113-3488
648,Grissel,Hansana,ghansanahz@cargocollective.com,Female,United Kingdom,Stapleford,714-661-2882
649,Oliviero,Huggens,ohuggensi0@mozilla.org,Male,United Kingdom,Norton,627-748-1093
650,Lorry,Pidgeley,lpidgeleyi1@tripadvisor.com,Female,United Kingdom,Milton,980-110-3652
651,Delila,MacVaugh,dmacvaughi2@jiathis.com,Female,United Kingdom,Carlton,739-796-0354
652,Hazel,Philpotts,hphilpottsi3@ed.gov,Male,United Kingdom,Norton,583-741-1693
653,Tori,Chellenham,tchellenhami4@joomla.org,Female,United Kingdom,Carlton,531-646-1166
654,Erek,Diegan,ediegani5@dropbox.com,Male,United Kingdom,Sheffield,965-220-5670
655,Tiffany,Earland,tearlandi6@wix.com,Female,United Kingdom,Sheffield,829-695-3869
656,Brooks,Girton,bgirtoni7@nytimes.com,Female,United Kingdom,London,664-874-0781
657,Graeme,McCrea,gmccreai8@comcast.net,Male,United Kingdom,Craigavon,382-116-1541
658,Jareb,Shovlar,jshovlari9@edublogs.org,Male,United Kingdom,Brampton,903-565-5985
659,Amata,Harborow,aharborowia@blogspot.com,Female,United Kingdom,Charlton,760-823-6625
660,Nanette,Woolham,nwoolhamib@ucoz.com,Female,United Kingdom,Upton,491-828-0674
661,Esteban,Martinuzzi,emartinuzziic@webnode.com,Male,United Kingdom,Burnside,470-958-7066
662,Gerty,Grute,ggruteid@alibaba.com,Female,United Kingdom,Carlton,269-751-0763
663,Gerrie,Trenear,gtrenearie@unc.edu,Female,United Kingdom,Bristol,401-640-8597
664,Spense,Knoble,sknobleif@yandex.ru,Male,United Kingdom,Horton,881-517-5865
665,Cynthea,Gamil,cgamilig@infoseek.co.jp,Female,United Kingdom,London,477-310-2317
666,Rabi,Sarjant,rsarjantih@va.gov,Male,United Kingdom,Craigavon,343-345-1267
667,Codi,Stemson,cstemsonii@skype.com,Female,United Kingdom,Newton,500-601-7424
668,Corinna,Grzegorzewski,cgrzegorzewskiij@bravesites.com,Female,United Kingdom,Birmingham,158-654-7131
669,Birk,Quincey,bquinceyik@epa.gov,Male,United Kingdom,Carlton,745-560-2198
670,Jeff,Koubu,jkoubuil@ucla.edu,Male,United Kingdom,Langley,256-918-9061
671,Harry,Corner,hcornerim@123-reg.co.uk,Male,United Kingdom,Birmingham,792-912-9902
672,Mart,Inge,mingein@wordpress.org,Male,United Kingdom,Seaton,418-496-5131
673,Hank,Raffeorty,hraffeortyio@nbcnews.com,Male,United Kingdom,Linton,620-441-0323
674,Esther,Dionisetto,edionisettoip@sun.com,Female,United Kingdom,Swindon,876-895-2429
675,Velma,Tweedlie,vtweedlieiq@fema.gov,Female,United Kingdom,Upton,620-538-8770
676,Edlin,Bordes,ebordesir@rediff.com,Male,United Kingdom,Horton,354-511-9823
677,Kacie,Hunnicutt,khunnicuttis@bizjournals.com,Female,United Kingdom,Buckland,540-612-4667
678,Virgilio,Crispin,vcrispinit@tmall.com,Male,United Kingdom,Newton,854-880-2082
679,Frederico,Martyns,fmartynsiu@geocities.com,Male,United Kingdom,Thorpe,857-321-9849
680,Jonathon,Spilsburie,jspilsburieiv@jugem.jp,Male,United Kingdom,Middleton,426-138-8162
681,Ware,Gooden,wgoodeniw@com.com,Male,United Kingdom,Tullich,474-624-4969
682,Callean,Fero,cferoix@163.com,Male,United Kingdom,Craigavon,243-915-1860
683,Portie,Brook,pbrookiy@hp.com,Male,United Kingdom,Newtown,154-290-3974
684,Nowell,Vertigan,nvertiganiz@booking.com,Male,United Kingdom,Newport,554-428-6657
685,Mateo,Goodsal,mgoodsalj0@illinois.edu,Male,United Kingdom,Normanton,469-150-9072
686,Zebedee,Fabry,zfabryj1@loc.gov,Male,United Kingdom,Birmingham,930-242-8990
687,Melinde,Emmitt,memmittj2@nsw.gov.au,Female,United Kingdom,Denton,845-301-8369
688,Conrado,Snap,csnapj3@blog.com,Male,United Kingdom,Seaton,246-968-2285
689,Nerty,Ramel,nramelj4@vimeo.com,Female,United Kingdom,Tullich,271-175-8412
690,Pauly,Stanwix,pstanwixj5@alexa.com,Female,United Kingdom,Pentre,975-776-3740
691,Webb,Gianetti,wgianettij6@tiny.cc,Male,United Kingdom,Tullich,558-353-2282
692,Victoria,Hatry,vhatryj7@is.gd,Female,United Kingdom,Edinburgh,414-556-0453
693,Cortie,Chace,cchacej8@360.cn,Male,United Kingdom,Sheffield,654-899-4307
694,Marty,Callacher,mcallacherj9@state.gov,Male,United Kingdom,Merton,393-644-5516
695,Stearne,Caulkett,scaulkettja@elpais.com,Male,United Kingdom,Norton,761-733-6938
696,Parsifal,Bynert,pbynertjb@csmonitor.com,Male,United Kingdom,Hatton,731-884-5134
697,Hazel,Trickett,htrickettjc@networkadvertising.org,Male,United Kingdom,Seaton,318-109-3988
698,Ronnie,De Witt,rdewittjd@sina.com.cn,Male,United Kingdom,Swindon,858-837-3504
699,Lindy,Comberbach,lcomberbachje@va.gov,Female,United Kingdom,Sutton,273-267-8654
700,Daryle,Vink,dvinkjf@com.com,Male,United Kingdom,Carlton,668-401-7513
701,Archaimbaud,Bernolet,abernoletjg@paypal.com,Male,United Kingdom,Twyford,178-634-3079
702,Gaven,Palatino,gpalatinojh@google.com.br,Male,United Kingdom,Sutton,880-137-2569
703,Rickert,Cuncliffe,rcuncliffeji@360.cn,Male,United Kingdom,Norton,976-182-2589
704,Mariann,Scoggans,mscoggansjj@un.org,Female,United Kingdom,Linton,506-426-7393
705,Karleen,Burcombe,kburcombejk@qq.com,Female,United Kingdom,Twyford,979-761-7260
706,Claybourne,Tremble,ctremblejl@seattletimes.com,Male,United Kingdom,Newport,335-901-3096
707,Dane,Ives,divesjm@addtoany.com,Male,United Kingdom,London,951-265-0270
708,Yuri,Stegel,ystegeljn@themeforest.net,Male,United Kingdom,Charlton,541-488-2776
709,Vally,Armell,varmelljo@google.pl,Female,United Kingdom,London,807-710-9757
710,Frans,Boarder,fboarderjp@yellowpages.com,Male,United Kingdom,Newtown,238-794-7753
711,Averil,Rannigan,aranniganjq@is.gd,Female,United Kingdom,Seaton,547-681-8855
712,Brigg,Foggarty,bfoggartyjr@wp.com,Male,United Kingdom,Kingston,559-683-8518
713,Gib,Devany,gdevanyjs@ucla.edu,Male,United Kingdom,Marston,246-781-4081
714,Romona,Hendron,rhendronjt@mashable.com,Female,United Kingdom,Stapleford,361-506-2979
715,Tamarah,Jewess,tjewessju@ox.ac.uk,Female,United Kingdom,Ford,910-319-9665
716,Bobine,Walworth,bwalworthjv@nyu.edu,Female,United Kingdom,London,409-623-7727
717,Huntlee,Parcell,hparcelljw@latimes.com,Male,United Kingdom,Liverpool,254-717-4522
718,Jewelle,Rainbow,jrainbowjx@canalblog.com,Female,United Kingdom,London,598-264-8479
719,Tracy,Fowls,tfowlsjy@vinaora.com,Female,United Kingdom,East End,470-286-2228
720,Sawyere,Pelman,spelmanjz@over-blog.com,Male,United Kingdom,Manchester,731-222-7910
721,Davida,Simmell,dsimmellk0@prlog.org,Female,United Kingdom,Carlton,502-967-0601
722,Dionysus,Petrou,dpetrouk1@omniture.com,Male,United Kingdom,Sutton,720-133-9731
723,Burgess,Rabbitts,brabbittsk2@paypal.com,Male,United Kingdom,Kirkton,732-881-6113
724,Cordie,Twinberrow,ctwinberrowk3@techcrunch.com,Male,United Kingdom,Sutton,787-148-3383
725,Lebbie,Hasley,lhasleyk4@tripadvisor.com,Female,United Kingdom,Seaton,185-414-6822
726,Flint,Simka,fsimkak5@samsung.com,Male,United Kingdom,Horton,942-132-0529
727,Farrel,Kynoch,fkynochk6@rambler.ru,Male,United Kingdom,Stapleford,614-949-0701
728,Byram,Asipenko,basipenkok7@chronoengine.com,Male,United Kingdom,Ford,133-855-0883
729,Stacia,Fernandes,sfernandesk8@pen.io,Female,United Kingdom,Burnside,619-368-4561
730,Mirella,Friedenbach,mfriedenbachk9@hp.com,Female,United Kingdom,Carlton,165-457-1602
731,Cristal,Slessor,cslessorka@booking.com,Female,United Kingdom,Church End,121-172-2622
732,Claretta,Riggoll,criggollkb@bizjournals.com,Female,United Kingdom,Aston,475-764-8285
733,Natalie,Bonhill,nbonhillkc@narod.ru,Female,United Kingdom,London,274-284-4208
734,Drona,Matteucci,dmatteuccikd@altervista.org,Female,United Kingdom,Middleton,333-705-3816
735,Nikaniki,Elliott,nelliottke@google.com.hk,Female,United Kingdom,Pentre,355-779-3732
736,Kizzee,Popeley,kpopeleykf@xing.com,Female,United Kingdom,Horton,781-180-8100
737,Ambros,Hulbert,ahulbertkg@ihg.com,Male,United Kingdom,Liverpool,399-627-0868
738,Gratia,Sallier,gsallierkh@amazon.co.jp,Female,United Kingdom,Whitwell,636-778-0485
739,Ronald,Osmant,rosmantki@chron.com,Male,United Kingdom,London,225-465-5890
740,Katinka,Seiffert,kseiffertkj@phoca.cz,Female,United Kingdom,Sheffield,781-378-9863
741,Rourke,Stuchbury,rstuchburykk@youku.com,Male,United Kingdom,Wootton,855-469-6568
742,Greg,Biaggetti,gbiaggettikl@earthlink.net,Male,United Kingdom,Pentre,338-419-7478
743,Gage,Wix,gwixkm@google.com.hk,Male,United Kingdom,London,283-230-1479
744,Sunshine,Seeds,sseedskn@state.gov,Female,United Kingdom,Church End,977-375-9349
745,Pattie,Bardey,pbardeyko@dyndns.org,Female,United Kingdom,Leeds,925-423-8749
746,Eleanor,Curds,ecurdskp@ask.com,Female,United Kingdom,London,674-849-0721
747,Renard,Anfossi,ranfossikq@lycos.com,Male,United Kingdom,Newport,505-981-6380
748,Madel,Garritley,mgarritleykr@nytimes.com,Female,United Kingdom,Sutton,185-740-8345
749,Riccardo,Meddows,rmeddowsks@ask.com,Male,United Kingdom,Wootton,731-386-6954
750,Wallis,Jankiewicz,wjankiewiczkt@noaa.gov,Male,United Kingdom,London,100-287-5950
751,Laura,Koch,lkochku@51.la,Female,United Kingdom,West End,303-559-0006
752,Dickie,Cowins,dcowinskv@hubpages.com,Male,United Kingdom,Sheffield,331-715-9444
753,Lane,Pepper,lpepperkw@phoca.cz,Female,United Kingdom,Marston,569-151-2939
754,Joete,Parchment,jparchmentkx@jalbum.net,Female,United Kingdom,Kingston,423-427-4683
755,Ula,Elacoate,uelacoateky@hc360.com,Female,United Kingdom,Kingston,286-578-9337
756,Ollie,Perassi,operassikz@acquirethisname.com,Female,United Kingdom,London,744-902-4898
757,Roxana,Fowden,rfowdenl0@people.com.cn,Female,United Kingdom,Denton,972-728-8745
758,Kleon,Brisset,kbrissetl1@npr.org,Male,United Kingdom,Pentre,916-185-0422
759,Gardiner,Estevez,gestevezl2@parallels.com,Male,United Kingdom,East End,427-568-0036
760,Pasquale,Tinline,ptinlinel3@digg.com,Male,United Kingdom,Pentre,637-950-9342
761,Belvia,Mullender,bmullenderl4@weather.com,Female,United Kingdom,Eaton,546-941-3564
762,Colly,Mundall,cmundalll5@sourceforge.net,Female,United Kingdom,Belfast,707-776-4803
763,Lynnette,Brunstan,lbrunstanl6@is.gd,Female,United Kingdom,Birmingham,774-402-6672
764,Nathanil,Niessen,nniessenl7@dailymail.co.uk,Male,United Kingdom,Ford,644-763-2369
765,Curry,Foyston,cfoystonl8@samsung.com,Male,United Kingdom,Milton,220-307-1792
766,Hayyim,Breckon,hbreckonl9@so-net.ne.jp,Male,United Kingdom,Preston,912-122-2719
767,Reinold,Shalcros,rshalcrosla@boston.com,Male,United Kingdom,Sutton,452-837-9927
768,Linnet,Playden,lplaydenlb@ted.com,Female,United Kingdom,Pentre,895-315-4664
769,Dav,Choules,dchouleslc@weebly.com,Male,United Kingdom,London,950-505-8542
770,Artemis,Hampshire,ahampshireld@ebay.com,Male,United Kingdom,Newton,237-202-3786
771,Lydon,Kristoffersen,lkristoffersenle@admin.ch,Male,United Kingdom,Normanton,921-941-3315
772,Hilde,Prater,hpraterlf@geocities.jp,Female,United Kingdom,Manchester,564-383-5077
773,Inge,Allbrook,iallbrooklg@dot.gov,Female,United Kingdom,Middleton,413-949-0178
774,Thomasa,Blankman,tblankmanlh@yolasite.com,Female,United Kingdom,Manchester,304-154-8338
775,Bride,Secret,bsecretli@cargocollective.com,Female,United Kingdom,Halton,849-725-2031
776,Roth,Vegas,rvegaslj@mlb.com,Male,United Kingdom,Aston,805-575-3049
777,Aland,Thompson,athompsonlk@nasa.gov,Male,United Kingdom,Preston,259-406-7306
778,Belle,MacGillivray,bmacgillivrayll@edublogs.org,Female,United Kingdom,Preston,925-989-0582
779,Freddie,Denisot,fdenisotlm@mayoclinic.com,Female,United Kingdom,Sutton,596-752-1605
780,Kristofor,Hinz,khinzln@multiply.com,Male,United Kingdom,Denton,902-596-7151
781,Hanan,Byres,hbyreslo@archive.org,Male,United Kingdom,Birmingham,179-674-3693
782,Ardyth,Winchcombe,awinchcombelp@angelfire.com,Female,United Kingdom,Sheffield,812-960-9918
783,Birgit,Biset,bbisetlq@wiley.com,Female,United Kingdom,Church End,786-186-0694
784,Michal,O'Mahoney,momahoneylr@thetimes.co.uk,Female,United Kingdom,Upton,595-401-7615
785,Yoko,Jarville,yjarvillels@mozilla.com,Female,United Kingdom,London,395-704-1486
786,Edith,Vasnetsov,evasnetsovlt@wired.com,Female,United Kingdom,Sutton,964-541-6275
787,Caty,Dedenham,cdedenhamlu@hatena.ne.jp,Female,United Kingdom,Stapleford,233-344-5056
788,Yalonda,Colton,ycoltonlv@accuweather.com,Female,United Kingdom,London,568-993-8574
789,Bobbie,Hasluck,bhaslucklw@spotify.com,Female,United Kingdom,Newtown,568-200-0492
790,Loella,Orrow,lorrowlx@google.nl,Female,United Kingdom,Edinburgh,448-240-8553
791,Friedrick,Lowless,flowlessly@theguardian.com,Male,United Kingdom,Leeds,368-616-7340
792,Ethelyn,McKaile,emckailelz@rakuten.co.jp,Female,United Kingdom,Liverpool,604-147-2875
793,Howey,Scholey,hscholeym0@nydailynews.com,Male,United Kingdom,Preston,622-590-7273
794,Isidoro,Howroyd,ihowroydm1@networkadvertising.org,Male,United Kingdom,Sutton,341-987-7071
795,Thedric,Klemmt,tklemmtm2@netlog.com,Male,United Kingdom,Denton,463-344-0750
796,Perry,Grindlay,pgrindlaym3@tripadvisor.com,Female,United Kingdom,Kirkton,554-791-0284
797,Minetta,Colbert,mcolbertm4@edublogs.org,Female,United Kingdom,Manchester,324-773-1585
798,Priscilla,Bebbell,pbebbellm5@scribd.com,Female,United Kingdom,Buckland,240-166-2286
799,Prescott,McLleese,pmclleesem6@addthis.com,Male,United Kingdom,Sutton,591-629-7944
800,Ketti,Cappleman,kcapplemanm7@trellian.com,Female,United Kingdom,Buckland,701-523-5065
801,Myranda,Droogan,mdrooganm8@nyu.edu,Female,United Kingdom,Swindon,487-865-4319
802,Cyb,Barmadier,cbarmadierm9@rediff.com,Female,United Kingdom,Carlton,573-932-4780
803,Dud,Alsopp,dalsoppma@slideshare.net,Male,United Kingdom,Church End,781-226-9080
804,Eberto,De Meyer,edemeyermb@privacy.gov.au,Male,United Kingdom,Stapleford,311-661-7547
805,Melva,Malletratt,mmalletrattmc@google.co.uk,Female,United Kingdom,Brampton,557-571-6388
806,Selia,Bristow,sbristowmd@hc360.com,Female,United Kingdom,Seaton,715-606-1277
807,Rosemary,McGrae,rmcgraeme@mashable.com,Female,United Kingdom,Normanton,412-523-3567
808,Arabelle,Arnould,aarnouldmf@vistaprint.com,Female,United Kingdom,London,469-822-3479
809,Bili,Patnelli,bpatnellimg@bluehost.com,Female,United Kingdom,Newport,845-473-4777
810,Mureil,Saile,msailemh@etsy.com,Female,United Kingdom,London,170-122-5973
811,Eddi,Lightwing,elightwingmi@upenn.edu,Female,United Kingdom,Merton,977-721-7719
812,Guthrey,Dalby,gdalbymj@purevolume.com,Male,United Kingdom,Church End,848-329-2186
813,Hugues,Bras,hbrasmk@amazon.de,Male,United Kingdom,Middleton,574-711-4688
814,Melisenda,Coda,mcodaml@independent.co.uk,Female,United Kingdom,Linton,832-826-3824
815,Giustina,Estevez,gestevezmm@mashable.com,Female,United Kingdom,Newton,469-984-0126
816,Phebe,Maryska,pmaryskamn@rakuten.co.jp,Female,United Kingdom,Pentre,517-394-7064
817,Massimiliano,Harniman,mharnimanmo@angelfire.com,Male,United Kingdom,Whitchurch,963-494-0674
818,Jacki,Vaughten,jvaughtenmp@wikipedia.org,Female,United Kingdom,Thorpe,377-448-5812
819,Dilan,Riditch,driditchmq@fc2.com,Male,United Kingdom,Merton,503-643-7192
820,Fritz,Matityahu,fmatityahumr@sina.com.cn,Male,United Kingdom,Ford,299-546-8120
821,Tammie,Le Marchand,tlemarchandms@youtu.be,Female,United Kingdom,Horton,214-233-2719
822,Hamlen,Bambury,hbamburymt@netlog.com,Male,United Kingdom,London,222-441-1242
823,Cristina,Plows,cplowsmu@google.es,Female,United Kingdom,Church End,212-854-6792
824,Alyssa,Vela,avelamv@npr.org,Female,United Kingdom,Bristol,879-212-4024
825,Madison,Ebbett,mebbettmw@netlog.com,Male,United Kingdom,Sheffield,756-535-6879
826,Eduard,Blethin,eblethinmx@prweb.com,Male,United Kingdom,Twyford,700-845-3137
827,Farrell,Jiruca,fjirucamy@dot.gov,Male,United Kingdom,Newton,694-687-8173
828,Mabel,Brambell,mbrambellmz@telegraph.co.uk,Female,United Kingdom,Aberdeen,129-406-0712
829,Durand,Jerwood,djerwoodn0@noaa.gov,Male,United Kingdom,Hatton,910-722-3647
830,Mil,Moar,mmoarn1@pbs.org,Female,United Kingdom,Bradford,436-250-1591
831,Kaleena,Paddington,kpaddingtonn2@umich.edu,Female,United Kingdom,Newton,434-264-5640
832,Elonore,Markham,emarkhamn3@goo.ne.jp,Female,United Kingdom,Langley,233-827-9531
833,Henryetta,Katzmann,hkatzmannn4@disqus.com,Female,United Kingdom,Birmingham,879-936-5361
834,Burg,Suddock,bsuddockn5@fotki.com,Male,United Kingdom,Bristol,513-478-2240
835,Silvio,Gouldstraw,sgouldstrawn6@twitpic.com,Male,United Kingdom,Carlton,736-325-1043
836,Terrance,Cosson,tcossonn7@icio.us,Male,United Kingdom,Upton,518-202-9916
837,Cele,Downe,cdownen8@about.com,Female,United Kingdom,Denton,193-509-2351
838,Mikkel,Bainbrigge,mbainbriggen9@spiegel.de,Male,United Kingdom,Thorpe,114-693-9575
839,Livvie,Tattersfield,ltattersfieldna@youtu.be,Female,United Kingdom,Aston,300-296-4373
840,Philippa,Bisco,pbisconb@usatoday.com,Female,United Kingdom,Normanton,466-287-4516
841,Ellene,Georgievski,egeorgievskinc@smh.com.au,Female,United Kingdom,Leeds,420-695-6460
842,Ulrikaumeko,Woodhouse,uwoodhousend@whitehouse.gov,Female,United Kingdom,Marston,673-608-0614
843,Walton,Alsford,walsfordne@abc.net.au,Male,United Kingdom,Ford,307-870-9567
844,Joanie,McLeary,jmclearynf@cbslocal.com,Female,United Kingdom,Walton,346-504-5125
845,Louise,Simkins,lsimkinsng@ftc.gov,Female,United Kingdom,Newton,142-902-7178
846,Heddi,Duxbury,hduxburynh@blogspot.com,Female,United Kingdom,Whitwell,586-889-5744
847,Katya,Ortiga,kortigani@businesswire.com,Female,United Kingdom,Preston,974-776-2585
848,Bartlet,Shortt,bshorttnj@purevolume.com,Male,United Kingdom,Kingston,676-326-5993
849,Lenard,Ballach,lballachnk@sphinn.com,Male,United Kingdom,Aberdeen,383-964-0465
850,Pansy,Hammerson,phammersonnl@dailymotion.com,Female,United Kingdom,Dean,127-862-4938
851,Yolanda,Trumble,ytrumblenm@list-manage.com,Female,United Kingdom,Wirral,540-494-0879
852,Con,Ashcroft,cashcroftnn@yolasite.com,Male,United Kingdom,Weston,895-600-7414
853,Zacharias,Saltsberger,zsaltsbergerno@sun.com,Male,United Kingdom,Milton,723-897-8063
854,Darby,Vannacci,dvannaccinp@bbc.co.uk,Male,United Kingdom,London,494-377-4479
855,Wyn,MacAllester,wmacallesternq@disqus.com,Male,United Kingdom,Brampton,434-459-0292
856,Dieter,Gatehouse,dgatehousenr@google.com.au,Male,United Kingdom,Eaton,793-620-9416
857,Rebecka,Ughelli,rughellins@networkadvertising.org,Female,United Kingdom,Ashley,545-269-8137
858,Puff,Minors,pminorsnt@icq.com,Male,United Kingdom,Sheffield,447-473-2251
859,Dasie,Stickford,dstickfordnu@vkontakte.ru,Female,United Kingdom,Aston,557-346-4167
860,Bryn,Riley,brileynv@state.gov,Female,United Kingdom,Seaton,989-203-8067
861,Adella,Temby,atembynw@jigsy.com,Female,United Kingdom,London,621-765-7061
862,Katleen,Dockwra,kdockwranx@cpanel.net,Female,United Kingdom,Merton,498-809-9982
863,Marin,Browning,mbrowningny@hostgator.com,Female,United Kingdom,Denton,609-207-3851
864,Xenia,Andrzej,xandrzejnz@indiatimes.com,Female,United Kingdom,Upton,347-494-4595
865,Cybil,Naisbet,cnaisbeto0@paginegialle.it,Female,United Kingdom,London,259-135-1154
866,Neala,Radage,nradageo1@mapy.cz,Female,United Kingdom,Glasgow,597-917-7257
867,Farah,Hugli,fhuglio2@joomla.org,Female,United Kingdom,Ford,316-728-2913
868,Sasha,Sawle,ssawleo3@mail.ru,Male,United Kingdom,Hatton,254-133-9078
869,Keefe,A'Barrow,kabarrowo4@jiathis.com,Male,United Kingdom,Twyford,869-290-6169
870,Kristopher,Kilner,kkilnero5@people.com.cn,Male,United Kingdom,Belfast,180-542-4524
871,Mab,Navein,mnaveino6@japanpost.jp,Female,United Kingdom,Swindon,117-185-2593
872,Jaymee,Dincke,jdinckeo7@wired.com,Female,United Kingdom,London,754-236-7426
873,Katti,Bontein,kbonteino8@g.co,Female,United Kingdom,East End,863-400-4610
874,Lucilia,Brattan,lbrattano9@chronoengine.com,Female,United Kingdom,Wirral,535-817-6261
875,Kingsly,Roseblade,krosebladeoa@delicious.com,Male,United Kingdom,Sheffield,198-722-8368
876,Annabel,Loughhead,aloughheadob@dailymotion.com,Female,United Kingdom,Denton,226-372-9725
877,Ermina,Dungey,edungeyoc@posterous.com,Female,United Kingdom,Merton,533-665-6176
878,Dieter,Redbourn,dredbournod@alexa.com,Male,United Kingdom,Upton,181-801-0499
879,Chiarra,Isworth,cisworthoe@techcrunch.com,Female,United Kingdom,Liverpool,330-109-0227
880,Aviva,Joslyn,ajoslynof@tripadvisor.com,Female,United Kingdom,Twyford,654-988-8950
881,Glynnis,Carlsen,gcarlsenog@example.com,Female,United Kingdom,Marston,466-957-4411
882,Averill,Polack,apolackoh@rediff.com,Male,United Kingdom,Milton,925-789-9720
883,Andrea,Panichelli,apanichellioi@baidu.com,Female,United Kingdom,Hatton,370-661-2769
884,Shanda,Winn,swinnoj@people.com.cn,Female,United Kingdom,West End,661-776-6091
885,Benoit,Grieg,bgriegok@ocn.ne.jp,Male,United Kingdom,Church End,779-124-6051
886,Wenda,Taye,wtayeol@oaic.gov.au,Female,United Kingdom,Middleton,992-835-9966
887,Windy,O'Codihie,wocodihieom@networkadvertising.org,Female,United Kingdom,London,876-279-4268
888,Bordie,Battey,bbatteyon@blinklist.com,Male,United Kingdom,Bristol,978-901-7727
889,Omero,Erni,oernioo@simplemachines.org,Male,United Kingdom,Burnside,279-120-5230
890,Renie,Schwartz,rschwartzop@hexun.com,Female,United Kingdom,Merton,378-301-3677
891,Beltran,Kiendl,bkiendloq@opensource.org,Male,United Kingdom,East End,272-320-2878
892,Jedd,Cockshutt,jcockshuttor@stumbleupon.com,Male,United Kingdom,Upton,848-968-1806
893,Aline,Tolliday,atollidayos@dailymotion.com,Female,United Kingdom,Leeds,550-687-6684
894,Silvan,Veall,sveallot@timesonline.co.uk,Male,United Kingdom,Newbiggin,201-309-3930
895,Alasteir,Pine,apineou@yellowbook.com,Male,United Kingdom,Norton,773-541-4818
896,Margy,Pech,mpechov@biblegateway.com,Female,United Kingdom,London,616-315-0654
897,Tomaso,Bewfield,tbewfieldow@un.org,Male,United Kingdom,Dean,775-874-9371
898,Ezri,Witheridge,ewitheridgeox@redcross.org,Male,United Kingdom,Sutton,263-224-7291
899,Lind,Nand,lnandoy@mlb.com,Male,United Kingdom,Pentre,415-850-8511
900,Nelly,Wagnerin,nwagnerinoz@ox.ac.uk,Female,United Kingdom,Norton,944-553-2184
901,Mike,Likly,mliklyp0@earthlink.net,Male,United Kingdom,Newton,437-419-0003
902,Staford,Arangy,sarangyp1@flavors.me,Male,United Kingdom,Manchester,661-203-0461
903,Nady,Macveigh,nmacveighp2@marketwatch.com,Female,United Kingdom,Ashley,101-253-2632
904,Nisse,Culwen,nculwenp3@goo.gl,Female,United Kingdom,Birmingham,250-370-9699
905,Othilie,Bentson,obentsonp4@yahoo.co.jp,Female,United Kingdom,Birmingham,965-784-0542
906,Munroe,Kupka,mkupkap5@constantcontact.com,Male,United Kingdom,East End,260-858-6302
907,Althea,Jeandeau,ajeandeaup6@skype.com,Female,United Kingdom,Swindon,549-929-9658
908,Doug,Nitto,dnittop7@wunderground.com,Male,United Kingdom,Ashley,172-211-6536
909,Koren,Kembrey,kkembreyp8@sourceforge.net,Female,United Kingdom,Manchester,669-740-1109
910,Kai,Wyrill,kwyrillp9@list-manage.com,Female,United Kingdom,Marston,853-169-2136
911,Raffarty,Edgson,redgsonpa@meetup.com,Male,United Kingdom,Sheffield,948-701-6335
912,Reese,Dalliston,rdallistonpb@paypal.com,Male,United Kingdom,Whitchurch,477-953-2504
913,Quentin,Dyson,qdysonpc@techcrunch.com,Female,United Kingdom,Birmingham,751-200-7139
914,Normy,Lethby,nlethbypd@squarespace.com,Male,United Kingdom,Norton,667-847-7041
915,Leighton,Tunstall,ltunstallpe@dedecms.com,Male,United Kingdom,Newtown,130-341-4482
916,Herman,Blance,hblancepf@topsy.com,Male,United Kingdom,Thorpe,285-910-4354
917,Richart,Regenhardt,rregenhardtpg@infoseek.co.jp,Male,United Kingdom,Bradford,961-483-6731
918,Corrie,Chittie,cchittieph@godaddy.com,Female,United Kingdom,Leeds,983-947-5295
919,Eryn,Lynnitt,elynnittpi@delicious.com,Female,United Kingdom,Upton,870-641-0370
920,Olivie,Arlt,oarltpj@usgs.gov,Female,United Kingdom,Newport,473-418-1366
921,Sawyer,Chopy,schopypk@shop-pro.jp,Male,United Kingdom,London,843-327-8324
922,Midge,Katt,mkattpl@house.gov,Female,United Kingdom,London,445-267-4791
923,Ofelia,Southan,osouthanpm@about.me,Female,United Kingdom,Dean,961-780-0916
924,Max,Thieme,mthiemepn@sbwire.com,Male,United Kingdom,Manchester,588-119-1640
925,Zea,Primrose,zprimrosepo@studiopress.com,Female,United Kingdom,Norton,426-557-3117
926,Jakob,Ewebank,jewebankpp@simplemachines.org,Male,United Kingdom,Birmingham,945-778-5621
927,Etty,Danielovitch,edanielovitchpq@rakuten.co.jp,Female,United Kingdom,East End,691-917-8271
928,Queenie,Copas,qcopaspr@mayoclinic.com,Female,United Kingdom,Langley,776-756-2769
929,Alika,Ennals,aennalsps@umn.edu,Female,United Kingdom,Newbiggin,830-175-5112
930,Palmer,Ferronet,pferronetpt@cloudflare.com,Male,United Kingdom,Pentre,888-649-0852
931,Jayme,Gold,jgoldpu@devhub.com,Male,United Kingdom,London,628-406-7279
932,Jayme,Zaczek,jzaczekpv@cafepress.com,Male,United Kingdom,Eaton,745-448-8038
933,Ricky,Cawte,rcawtepw@ifeng.com,Male,United Kingdom,Newton,100-367-1668
934,Alyss,Grossman,agrossmanpx@nationalgeographic.com,Female,United Kingdom,London,332-936-3602
935,Gabbi,Crut,gcrutpy@163.com,Female,United Kingdom,Swindon,527-471-2548
936,Diahann,Jennrich,djennrichpz@cdbaby.com,Female,United Kingdom,Bradford,811-652-1548
937,Mikkel,Bleakley,mbleakleyq0@netvibes.com,Male,United Kingdom,Walton,968-637-7391
938,Elsy,Duncan,eduncanq1@surveymonkey.com,Female,United Kingdom,Wirral,835-850-4175
939,Filmore,Lamonby,flamonbyq2@discovery.com,Male,United Kingdom,London,713-903-1152
940,Leola,Buney,lbuneyq3@amazon.com,Female,United Kingdom,Kingston,453-301-9551
941,Aime,Warburton,awarburtonq4@gizmodo.com,Female,United Kingdom,London,950-878-0350
942,Ray,Jovasevic,rjovasevicq5@deviantart.com,Male,United Kingdom,Linton,402-113-7673
943,Corinne,Foulser,cfoulserq6@berkeley.edu,Female,United Kingdom,Pentre,123-821-6634
944,Lenka,Lakenden,llakendenq7@elpais.com,Female,United Kingdom,Sheffield,152-479-4632
945,Lucius,Schoenrock,lschoenrockq8@hc360.com,Male,United Kingdom,Denton,396-250-5324
946,Vergil,Sutworth,vsutworthq9@yahoo.com,Male,United Kingdom,Wirral,135-635-9584
947,Monroe,Roderigo,mroderigoqa@blinklist.com,Male,United Kingdom,Liverpool,243-912-7644
948,Twila,Rihosek,trihosekqb@dagondesign.com,Female,United Kingdom,Sheffield,462-125-3024
949,Min,Glassman,mglassmanqc@360.cn,Female,United Kingdom,Kingston,364-771-4808
950,Vasilis,Yong,vyongqd@apache.org,Male,United Kingdom,Edinburgh,923-675-5091
951,Lyon,Lutwidge,llutwidgeqe@cisco.com,Male,United Kingdom,Aberdeen,628-883-3661
952,Teddy,Bloxland,tbloxlandqf@geocities.com,Male,United Kingdom,Hatton,284-381-9946
953,Roana,Carnaman,rcarnamanqg@bbb.org,Female,United Kingdom,Dean,205-850-8398
954,Loy,Benka,lbenkaqh@soundcloud.com,Male,United Kingdom,Manchester,261-353-3684
955,Francesca,Dumbar,fdumbarqi@php.net,Female,United Kingdom,Langley,202-548-4831
956,Debera,MacAdam,dmacadamqj@cbslocal.com,Female,United Kingdom,Liverpool,947-346-3542
957,Sabine,Worledge,sworledgeqk@paypal.com,Female,United Kingdom,Belfast,502-149-5151
958,Merrill,Whall,mwhallql@bloglines.com,Female,United Kingdom,Weston,889-166-6584
959,Andros,Reddington,areddingtonqm@bravesites.com,Male,United Kingdom,West End,635-805-8273
960,Pedro,Spata,pspataqn@intel.com,Male,United Kingdom,Church End,107-695-4523
961,Bradley,Burkin,bburkinqo@list-manage.com,Male,United Kingdom,West End,823-771-7826
962,Ewart,Wahner,ewahnerqp@clickbank.net,Male,United Kingdom,Normanton,627-894-0365
963,Wade,Fley,wfleyqq@godaddy.com,Male,United Kingdom,Wootton,903-230-0224
964,Marissa,Hans,mhansqr@mapquest.com,Female,United Kingdom,London,841-821-3019
965,Brig,Delcastel,bdelcastelqs@washington.edu,Male,United Kingdom,Seaton,388-529-8444
966,Baxie,Stileman,bstilemanqt@sphinn.com,Male,United Kingdom,Craigavon,288-394-0347
967,Almire,Backwell,abackwellqu@clickbank.net,Female,United Kingdom,London,838-539-8459
968,Humfried,Eade,headeqv@creativecommons.org,Male,United Kingdom,London,804-341-3260
969,Weber,Alleyne,walleyneqw@nbcnews.com,Male,United Kingdom,Carlton,410-790-7017
970,Pavel,Rippen,prippenqx@vimeo.com,Male,United Kingdom,Norton,303-474-0137
971,Tymon,Ghelardi,tghelardiqy@mediafire.com,Male,United Kingdom,Brampton,640-313-3244
972,Durant,Rowell,drowellqz@xrea.com,Male,United Kingdom,Church End,290-755-1681
973,Merlina,Earp,mearpr0@pagesperso-orange.fr,Female,United Kingdom,Swindon,493-588-3011
974,Krispin,Jillitt,kjillittr1@com.com,Male,United Kingdom,Langley,470-427-2629
975,Calida,Astling,castlingr2@gmpg.org,Female,United Kingdom,East End,282-974-5937
976,Heall,Trehearn,htrehearnr3@wiley.com,Male,United Kingdom,Burnside,965-241-3893
977,Remy,Di Biagi,rdibiagir4@printfriendly.com,Female,United Kingdom,Carlton,153-999-3983
978,Idell,Vlasyuk,ivlasyukr5@hubpages.com,Female,United Kingdom,Sheffield,675-368-3146
979,Penni,Pinn,ppinnr6@meetup.com,Female,United Kingdom,Kirkton,486-153-6012
980,Constantine,Fay,cfayr7@google.com.hk,Male,United Kingdom,Wootton,168-543-2149
981,Thebault,Stainson,tstainsonr8@microsoft.com,Male,United Kingdom,Newport,969-570-2265
982,Amelia,Langeren,alangerenr9@google.fr,Female,United Kingdom,Aston,408-257-0811
983,Demetre,Methringham,dmethringhamra@exblog.jp,Male,United Kingdom,Normanton,140-997-2975
984,Camilla,Di Francesco,cdifrancescorb@ihg.com,Female,United Kingdom,Glasgow,724-904-3115
985,Estrella,Stubbington,estubbingtonrc@fastcompany.com,Female,United Kingdom,Ford,439-365-4842
986,Milly,Pleasants,mpleasantsrd@thetimes.co.uk,Female,United Kingdom,Newton,694-797-2789
987,Nevile,Trighton,ntrightonre@macromedia.com,Male,United Kingdom,Wirral,260-638-9760
988,Vachel,Hackly,vhacklyrf@seattletimes.com,Male,United Kingdom,Linton,935-985-1919
989,Evvy,Benny,ebennyrg@seattletimes.com,Female,United Kingdom,Denton,997-599-1385
990,Giffer,Broderick,gbroderickrh@sourceforge.net,Male,United Kingdom,Twyford,324-298-4562
991,Leonie,Balsdone,lbalsdoneri@plala.or.jp,Female,United Kingdom,Sheffield,605-178-8486
992,Jessa,Glanfield,jglanfieldrj@addthis.com,Female,United Kingdom,Charlton,707-603-6738
993,Matthias,Junkinson,mjunkinsonrk@com.com,Male,United Kingdom,Merton,219-412-3393
994,Hansiain,Doiley,hdoileyrl@arizona.edu,Male,United Kingdom,Birmingham,490-816-9864
995,Rubina,Mountain,rmountainrm@cnn.com,Female,United Kingdom,Linton,721-503-6969
996,Renae,Raincin,rraincinrn@sbwire.com,Female,United Kingdom,Seaton,308-607-6805
997,Earle,Tirrey,etirreyro@wix.com,Male,United Kingdom,Whitwell,210-164-5512
998,Emiline,Joubert,ejoubertrp@howstuffworks.com,Female,United Kingdom,Brampton,884-453-0859
999,Karly,Chadderton,kchaddertonrq@fastcompany.com,Female,United Kingdom,Thorpe,701-617-0083
1000,Ivory,Wyllie,iwyllierr@sakura.ne.jp,Female,United Kingdom,Aston,992-947-5850
