0301450678,Sterling,Hugli,shugli0@cpanel.net,Male,182.128.97.165,01/22/2019,348.15
0605231893,Rosanna,Guilleton,rguilleton1@yale.edu,Female,142.112.19.254,01/09/2020,331.95
3,Jamison,Fishpond,jfishpond2@craigslist.org,Male,146.194.175.112,04/20/2019,453.62
4,Bessie,Axleby,baxleby3@umn.edu,Female,80.47.182.172,05/16/2019,222.77
5,Nickie,Barron,nbarron4@flavors.me,Male,87.182.87.3,11/05/2019,976.06
6,Isa,Insoll,iinsoll5@spiegel.de,Male,131.40.59.149,04/10/2019,425.86
7,Alex,Hourihane,ahourihane6@live.com,Female,161.25.100.149,05/10/2019,210.99
8,Ralf,Tockell,rtockell7@yale.edu,Male,41.116.185.10,06/23/2019,545.13
9,Alvie,Truesdale,atruesdale8@mysql.com,Male,11.200.223.180,12/19/2019,414.81
10,Liz,Sollas,lsollas9@so-net.ne.jp,Female,107.177.233.111,11/05/2019,287.67
11,Gaelan,Vescovini,gvescovinia@mit.edu,Male,102.118.184.159,02/01/2019,435.78
12,Janos,Borgnet,jborgnetb@unblog.fr,Male,1.63.130.67,07/30/2019,877.74
13,Siward,Baddam,sbaddamc@smh.com.au,Male,254.111.94.228,01/23/2019,564.05
14,Petronella,Kubik,pkubikd@vinaora.com,Female,200.34.255.51,09/21/2019,640.86
15,Shell,Rasmus,srasmuse@hp.com,Female,142.102.85.170,04/16/2019,265.56
16,Angela,Osipov,aosipovf@hexun.com,Female,235.179.115.112,06/29/2019,208.45
17,Harriot,Fice,hficeg@godaddy.com,Female,179.125.196.39,11/01/2019,448.3
18,Rhett,Nosworthy,rnosworthyh@boston.com,Male,8.18.26.154,11/05/2019,597.37
19,Chance,Ubsdell,cubsdelli@gov.uk,Male,38.196.132.81,02/04/2019,990.91
20,Linn,Muscott,lmuscottj@oaic.gov.au,Female,117.87.61.8,06/04/2019,745.88
21,Leonhard,Lyster,llysterk@theatlantic.com,Male,196.223.199.98,03/03/2019,520.66
22,Thibaut,Crawshay,tcrawshayl@sourceforge.net,Male,190.229.245.247,03/17/2019,363.23
23,Helen,Calf,hcalfm@miibeian.gov.cn,Female,23.244.176.72,10/21/2019,275.18
24,Burk,Gillimgham,bgillimghamn@amazon.de,Male,201.115.45.190,07/23/2019,617.95
25,Rolf,Mairs,rmairso@uiuc.edu,Male,117.60.45.245,04/01/2019,450.63
26,Latia,Snodin,lsnodinp@youtube.com,Female,221.22.88.128,12/02/2019,297.81
27,Nadya,Marrow,nmarrowq@twitter.com,Female,16.90.144.219,05/08/2019,564.21
28,Marcello,Khristyukhin,mkhristyukhinr@pcworld.com,Male,195.177.168.119,11/19/2019,793.18
29,Cosmo,Cadalleder,ccadalleders@tamu.edu,Male,178.101.90.73,02/23/2019,810.06
30,Cathrine,Walby,cwalbyt@imgur.com,Female,212.135.248.19,12/02/2019,900.82
31,Forbes,Mellem,fmellemu@furl.net,Male,201.154.154.147,01/08/2020,652.27
32,Marina,Elflain,melflainv@marriott.com,Female,220.233.198.226,09/11/2019,439.84
33,Kitti,Knapman,kknapmanw@google.co.uk,Female,175.5.247.222,10/10/2019,460.5
34,Petra,Rodrig,prodrigx@theatlantic.com,Female,158.91.169.71,05/21/2019,280.26
35,Kennett,Fust,kfusty@wikia.com,Male,90.143.16.169,11/13/2019,527.54
36,Ellswerth,Trustie,etrustiez@sciencedirect.com,Male,250.59.28.117,06/08/2019,301.39
37,Rachael,Yearnsley,ryearnsley10@state.tx.us,Female,7.250.70.218,07/11/2019,709.5
38,Joella,Brasier,jbrasier11@deliciousdays.com,Female,127.236.143.74,07/30/2019,802.38
39,Antoinette,Cockett,acockett12@ox.ac.uk,Female,140.212.142.66,07/23/2019,525.93
40,Devi,Coldbathe,dcoldbathe13@theguardian.com,Female,80.191.204.87,03/16/2019,796.73
41,Jocelyn,Odgaard,jodgaard14@si.edu,Female,132.198.127.195,12/08/2019,283.41
42,Wayland,MacLaverty,wmaclaverty15@baidu.com,Male,113.124.19.19,01/29/2019,505.68
43,Jermayne,Bosher,jbosher16@wired.com,Male,45.124.112.81,02/21/2019,766.18
44,Kacie,Portriss,kportriss17@examiner.com,Female,136.232.128.93,05/21/2019,381.83
45,Edwina,Sawley,esawley18@theatlantic.com,Female,242.106.222.151,05/03/2019,529.95
46,Rusty,Cumbes,rcumbes19@nsw.gov.au,Male,255.89.35.113,03/04/2019,257.66
47,Lorne,Giddins,lgiddins1a@woothemes.com,Male,83.13.23.244,04/18/2019,875.81
48,Zelig,Wooles,zwooles1b@godaddy.com,Male,161.92.16.35,06/19/2019,320.12
49,Tess,Mewes,tmewes1c@w3.org,Female,245.140.230.121,11/24/2019,294.46
50,Juditha,Rikel,jrikel1d@sina.com.cn,Female,23.143.115.138,05/17/2019,558.27
51,Forster,Dumphreys,fdumphreys1e@constantcontact.com,Male,33.78.37.106,08/31/2019,545.13
52,Moyra,Boyce,mboyce1f@booking.com,Female,186.233.223.22,10/12/2019,605.59
53,Benita,Wyldish,bwyldish1g@statcounter.com,Female,115.86.176.72,04/26/2019,535.39
54,Rice,Cluderay,rcluderay1h@utexas.edu,Male,63.163.136.143,12/29/2019,374.83
55,Junina,Harriman,jharriman1i@discovery.com,Female,217.74.3.51,01/16/2020,460.99
56,Waylen,Congreave,wcongreave1j@nasa.gov,Male,236.243.161.202,09/07/2019,495.61
57,Aili,Gladdifh,agladdifh1k@ed.gov,Female,127.167.186.96,09/08/2019,333.24
58,Sibyl,England,sengland1l@drupal.org,Female,117.52.196.243,06/08/2019,720.54
59,Erica,Blacklidge,eblacklidge1m@t-online.de,Female,0.70.206.25,04/03/2019,475.06
60,Englebert,Sultan,esultan1n@comcast.net,Male,43.8.139.33,07/21/2019,739.46
61,Rozella,Parsons,rparsons1o@unicef.org,Female,162.22.59.12,07/31/2019,458.62
62,Annamaria,Braley,abraley1p@shop-pro.jp,Female,184.166.3.139,07/20/2019,723.24
63,Cameron,Leadston,cleadston1q@patch.com,Male,181.130.237.175,05/17/2019,200.5
64,Halsey,Surmon,hsurmon1r@github.com,Male,197.3.4.39,06/02/2019,890.86
65,Berti,Kaman,bkaman1s@globo.com,Female,22.75.50.13,12/08/2019,718.42
66,Roxanne,Gauthorpp,rgauthorpp1t@drupal.org,Female,9.214.213.192,02/20/2019,872.79
67,Antonius,Lowton,alowton1u@51.la,Male,250.158.230.31,06/09/2019,477.77
68,Tadeas,Byham,tbyham1v@google.fr,Male,123.190.122.16,10/18/2019,653.69
69,Torre,Gotecliffe,tgotecliffe1w@themeforest.net,Male,75.136.13.81,11/08/2019,747.37
70,Smitty,Crummie,scrummie1x@shutterfly.com,Male,209.13.239.221,10/24/2019,752.46
71,Romain,Mayze,rmayze1y@smugmug.com,Male,14.152.78.211,01/20/2019,383.04
72,Olvan,Gossling,ogossling1z@msn.com,Male,170.201.161.89,03/12/2019,420.99
73,Mira,Solomonides,msolomonides20@paginegialle.it,Female,255.170.68.11,02/13/2019,421.63
74,Muffin,Matthiesen,mmatthiesen21@google.com.hk,Female,187.228.18.79,12/19/2019,959.04
75,Charlene,Stacey,cstacey22@amazon.com,Female,150.166.16.202,11/10/2019,643.45
76,Malinde,Stranio,mstranio23@cbslocal.com,Female,232.169.206.28,12/18/2019,961.02
77,Calli,McGettigan,cmcgettigan24@sciencedirect.com,Female,90.164.208.16,05/29/2019,206.31
78,Milena,Ebbs,mebbs25@ted.com,Female,58.212.185.143,09/11/2019,479.1
79,Skye,Ilymanov,silymanov26@t.co,Male,102.68.236.32,12/08/2019,753.75
80,Yehudi,Antonognoli,yantonognoli27@dell.com,Male,111.36.147.107,05/31/2019,968.08
81,Andrei,Buxcy,abuxcy28@edublogs.org,Female,41.120.28.161,12/16/2019,304.0
82,Nikos,Georgeon,ngeorgeon29@pinterest.com,Male,192.187.18.130,11/13/2019,703.2
83,Rowney,Bretton,rbretton2a@gmpg.org,Male,137.66.32.45,02/03/2019,837.24
84,Elfrieda,Assante,eassante2b@who.int,Female,199.250.31.179,11/23/2019,647.71
85,Madison,Teasdale-Markie,mteasdalemarkie2c@timesonline.co.uk,Male,140.7.164.172,01/08/2020,265.17
86,Correy,MacKessock,cmackessock2d@sciencedirect.com,Female,11.64.149.73,11/13/2019,265.47
87,Flem,Carabine,fcarabine2e@ovh.net,Male,93.164.195.209,01/10/2020,747.82
88,Lanny,Pina,lpina2f@bbc.co.uk,Female,14.116.136.87,06/25/2019,859.25
89,Clo,Axelbey,caxelbey2g@blinklist.com,Female,1.123.68.59,05/14/2019,524.66
90,Ralph,Basterfield,rbasterfield2h@blog.com,Male,95.139.74.57,11/22/2019,427.89
91,Julianne,Coburn,jcoburn2i@indiegogo.com,Female,210.169.78.23,03/15/2019,329.33
92,Mitchael,Johnys,mjohnys2j@pinterest.com,Male,127.249.203.94,09/20/2019,396.59
93,Fernandina,Flagg,fflagg2k@zimbio.com,Female,0.76.157.236,04/07/2019,698.81
94,Christophe,Klehn,cklehn2l@google.pl,Male,17.138.65.252,07/27/2019,767.1
95,Aron,Stapleton,astapleton2m@irs.gov,Male,65.255.241.28,01/11/2020,205.21
96,Maren,Vanns,mvanns2n@linkedin.com,Female,9.139.79.213,09/14/2019,243.17
97,Eddi,Geldeard,egeldeard2o@google.es,Female,191.93.224.45,08/13/2019,348.75
98,Amy,Wrigglesworth,awrigglesworth2p@histats.com,Female,81.148.195.52,12/09/2019,574.48
99,Thorvald,Coopper,tcoopper2q@businesswire.com,Male,211.126.82.104,07/07/2019,243.79
100,Sisely,Poytheras,spoytheras2r@bluehost.com,Female,243.35.74.113,11/28/2019,604.35
101,Jennilee,Serris,jserris2s@mlb.com,Female,40.122.163.98,05/21/2019,308.34
102,Kyle,Soggee,ksoggee2t@so-net.ne.jp,Male,25.244.236.45,02/17/2019,528.3
103,Ryun,Spruce,rspruce2u@mayoclinic.com,Male,121.81.237.207,05/04/2019,643.48
104,Palmer,Thame,pthame2v@devhub.com,Male,110.121.221.153,04/04/2019,559.51
105,Emmalee,Syce,esyce2w@reverbnation.com,Female,136.223.235.34,03/30/2019,782.07
106,Bee,Holtum,bholtum2x@istockphoto.com,Female,222.14.143.61,08/31/2019,626.88
107,Lexine,Antonich,lantonich2y@springer.com,Female,136.204.68.244,07/18/2019,937.98
108,Rosalyn,Flea,rflea2z@digg.com,Female,29.255.150.87,08/16/2019,978.95
109,Kip,Dacks,kdacks30@uiuc.edu,Female,206.248.231.81,10/13/2019,974.5
110,Tanya,Kerrigan,tkerrigan31@globo.com,Female,195.22.49.67,12/28/2019,635.87
111,Alyosha,Clotworthy,aclotworthy32@about.me,Male,192.96.131.237,10/28/2019,605.49
112,Sarah,Wainwright,swainwright33@vkontakte.ru,Female,254.130.156.21,02/14/2019,604.74
113,Abigael,Kollatsch,akollatsch34@fastcompany.com,Female,181.4.96.220,07/12/2019,364.2
114,Dulcia,Corzor,dcorzor35@scientificamerican.com,Female,49.249.14.34,06/12/2019,883.18
115,Rodney,Twitty,rtwitty36@comcast.net,Male,236.172.103.35,03/01/2019,324.41
116,Gris,Scrymgeour,gscrymgeour37@dropbox.com,Male,238.33.129.69,08/13/2019,879.88
117,Manfred,Konerding,mkonerding38@ezinearticles.com,Male,220.82.168.145,07/01/2019,352.23
118,Haroun,Frude,hfrude39@51.la,Male,240.149.215.11,01/10/2020,681.9
119,Nealon,Bimson,nbimson3a@cbc.ca,Male,116.128.160.15,09/01/2019,818.72
120,Lonna,Stewart,lstewart3b@princeton.edu,Female,49.112.23.49,04/08/2019,240.95
121,Germaine,Aronin,garonin3c@bandcamp.com,Male,226.224.188.224,10/30/2019,990.79
122,Loella,Menat,lmenat3d@webmd.com,Female,62.143.83.207,01/16/2020,648.61
123,Meris,Brasse,mbrasse3e@apple.com,Female,111.16.228.4,08/19/2019,592.46
124,Sib,Malenoir,smalenoir3f@china.com.cn,Female,211.218.240.131,10/22/2019,551.9
125,Delmore,Culley,dculley3g@mapy.cz,Male,129.92.231.95,06/20/2019,629.65
126,Adrien,Slark,aslark3h@gnu.org,Male,102.76.174.57,02/10/2019,719.03
127,Clem,Bedlington,cbedlington3i@sogou.com,Female,135.126.142.118,09/24/2019,220.22
128,Cyrillus,Latus,clatus3j@behance.net,Male,239.212.178.34,09/16/2019,235.94
129,Perceval,Daynter,pdaynter3k@timesonline.co.uk,Male,103.224.55.107,08/21/2019,317.46
130,Sascha,Foard,sfoard3l@nsw.gov.au,Female,217.37.204.96,06/15/2019,989.85
131,Barrett,Crowch,bcrowch3m@nymag.com,Male,92.217.88.89,01/11/2020,435.47
132,Demetris,Humpherston,dhumpherston3n@mozilla.org,Male,80.130.91.182,05/16/2019,350.2
133,Randa,Southwick,rsouthwick3o@cocolog-nifty.com,Female,184.53.179.240,08/09/2019,305.66
134,Sadie,Cowling,scowling3p@livejournal.com,Female,44.253.177.32,05/28/2019,742.98
135,Mallory,Fowell,mfowell3q@woothemes.com,Male,158.2.58.81,07/18/2019,372.71
136,Verney,Howieson,vhowieson3r@hc360.com,Male,114.149.97.29,01/17/2020,757.11
137,Isabel,Syrad,isyrad3s@creativecommons.org,Female,47.30.237.64,08/01/2019,848.26
138,Ezmeralda,Douris,edouris3t@cisco.com,Female,241.105.218.194,12/03/2019,762.77
139,Courtney,Gowling,cgowling3u@ask.com,Female,157.60.27.200,09/20/2019,692.01
140,Curry,Elderidge,celderidge3v@timesonline.co.uk,Male,7.148.17.5,08/20/2019,506.56
141,Kristien,Rehor,krehor3w@g.co,Female,163.138.107.127,10/28/2019,983.88
142,Kamilah,Bobasch,kbobasch3x@ucoz.com,Female,32.165.18.28,11/03/2019,717.43
143,Berta,Alabaster,balabaster3y@reverbnation.com,Female,227.136.131.114,01/21/2019,808.5
144,Sheila-kathryn,Allward,sallward3z@about.me,Female,178.238.126.211,07/26/2019,558.84
145,Marina,Hudspeth,mhudspeth40@ca.gov,Female,133.51.111.109,08/07/2019,858.81
146,Amalia,Mainds,amainds41@ning.com,Female,202.123.20.33,04/12/2019,295.52
147,Swen,Fortin,sfortin42@instagram.com,Male,204.30.88.228,01/24/2019,479.93
148,Ahmad,Aldus,aaldus43@odnoklassniki.ru,Male,178.225.158.193,06/04/2019,476.95
149,Arney,Hatrey,ahatrey44@simplemachines.org,Male,208.207.5.39,12/26/2019,444.97
150,Perla,Regler,pregler45@psu.edu,Female,193.87.1.181,10/28/2019,286.64
151,Marlowe,Hillhouse,mhillhouse46@craigslist.org,Male,135.244.167.191,09/06/2019,844.71
152,Mela,Lazarus,mlazarus47@chicagotribune.com,Female,53.163.77.226,05/02/2019,831.61
153,Marion,Farrow,mfarrow48@issuu.com,Female,247.239.235.77,04/15/2019,742.73
154,Care,Brick,cbrick49@wix.com,Male,200.109.246.202,05/23/2019,271.07
155,Daryle,Trinbey,dtrinbey4a@macromedia.com,Male,196.41.223.86,10/28/2019,957.09
156,Richart,Puncher,rpuncher4b@ihg.com,Male,178.214.131.153,04/03/2019,756.24
157,Wendel,Farmiloe,wfarmiloe4c@vk.com,Male,237.250.140.97,09/10/2019,580.68
158,Bastian,Wortman,bwortman4d@google.de,Male,182.62.22.180,05/12/2019,353.7
159,Dolores,Lardge,dlardge4e@weather.com,Female,161.83.102.31,12/01/2019,842.99
160,Collette,Bowick,cbowick4f@pbs.org,Female,209.96.5.141,09/20/2019,241.71
161,Carolan,Tinman,ctinman4g@about.com,Female,203.238.96.137,06/08/2019,486.16
162,Alvy,Philipsohn,aphilipsohn4h@engadget.com,Male,210.149.121.60,07/25/2019,872.35
163,Thaxter,Passion,tpassion4i@phpbb.com,Male,128.133.207.54,10/25/2019,302.49
164,Delphine,Croce,dcroce4j@ifeng.com,Female,21.230.197.64,08/05/2019,523.24
165,Kare,Morphet,kmorphet4k@dailymail.co.uk,Female,46.157.236.208,06/26/2019,656.73
166,Frederick,Leggott,fleggott4l@sphinn.com,Male,30.125.239.37,08/18/2019,374.41
167,Katine,Boykett,kboykett4m@jigsy.com,Female,129.237.245.124,10/22/2019,966.5
168,Coleman,Spence,cspence4n@dedecms.com,Male,162.193.51.17,08/23/2019,568.64
169,Belvia,Glassford,bglassford4o@mail.ru,Female,145.25.72.9,02/04/2019,611.68
170,Gisele,Whittington,gwhittington4p@printfriendly.com,Female,117.45.127.250,06/10/2019,425.74
171,Merci,Grabham,mgrabham4q@newsvine.com,Female,226.38.26.199,01/19/2020,840.25
172,Valenka,Cromleholme,vcromleholme4r@sohu.com,Female,216.209.183.246,09/04/2019,636.12
173,Stacia,Imason,simason4s@mozilla.org,Female,170.213.141.63,06/22/2019,859.59
174,Lishe,MacNally,lmacnally4t@sbwire.com,Female,38.138.14.145,03/19/2019,970.95
175,Eyde,Haigh,ehaigh4u@forbes.com,Female,131.246.81.43,02/25/2019,504.47
176,Wadsworth,Ewebank,wewebank4v@home.pl,Male,41.48.229.105,01/11/2020,416.75
177,Rosalia,Trudgeon,rtrudgeon4w@nytimes.com,Female,2.132.193.243,08/23/2019,982.86
178,Wiley,Chidgey,wchidgey4x@ucoz.com,Male,229.187.139.52,02/21/2019,216.92
179,Lemuel,D'Angeli,ldangeli4y@sun.com,Male,163.146.198.2,03/26/2019,969.69
180,Tony,Alderwick,talderwick4z@pinterest.com,Male,36.112.192.25,02/02/2019,535.15
181,Rebekkah,Kach,rkach50@go.com,Female,115.226.206.229,06/21/2019,565.29
182,Corrie,Brompton,cbrompton51@elpais.com,Male,134.32.235.170,12/29/2019,249.16
183,Row,Rarity,rrarity52@ted.com,Female,249.149.208.235,06/18/2019,544.85
184,William,Olsen,wolsen53@thetimes.co.uk,Male,238.210.13.45,06/01/2019,353.66
185,Stormie,Mushet,smushet54@princeton.edu,Female,234.180.82.96,12/04/2019,967.52
186,Fernanda,Siburn,fsiburn55@aboutads.info,Female,123.212.10.226,09/05/2019,414.28
187,Lilias,Berrey,lberrey56@abc.net.au,Female,121.67.113.15,10/31/2019,758.56
188,Jaquelin,Wigzell,jwigzell57@indiatimes.com,Female,224.140.74.43,05/15/2019,925.23
189,Demetria,Bernuzzi,dbernuzzi58@mtv.com,Female,65.220.229.41,06/12/2019,785.73
190,Conni,Kneller,ckneller59@tamu.edu,Female,160.239.232.98,05/17/2019,840.98
191,Renata,Rizzi,rrizzi5a@indiatimes.com,Female,159.44.90.34,07/21/2019,288.06
192,Adelheid,Clelland,aclelland5b@skyrock.com,Female,2.69.255.96,09/14/2019,470.71
193,Rafael,Timmens,rtimmens5c@typepad.com,Male,73.163.50.173,02/07/2019,299.41
194,Kori,Romer,kromer5d@edublogs.org,Female,213.111.237.57,04/10/2019,774.48
195,Micki,McCullock,mmccullock5e@jiathis.com,Female,50.69.224.213,11/19/2019,565.49
196,Sinclair,Scarlett,sscarlett5f@furl.net,Male,101.206.74.14,10/18/2019,357.55
197,Hillie,Eveleigh,heveleigh5g@delicious.com,Male,245.203.104.151,05/09/2019,878.05
198,Delphinia,Scandrett,dscandrett5h@xrea.com,Female,72.22.231.107,05/14/2019,295.46
199,Doro,Ewbanche,dewbanche5i@free.fr,Female,146.152.79.51,02/01/2019,861.64
200,Sonnnie,Chappel,schappel5j@microsoft.com,Female,112.42.205.59,05/11/2019,976.72
201,Katine,Gilliver,kgilliver5k@comcast.net,Female,176.2.86.207,11/09/2019,350.21
202,Elicia,Fittis,efittis5l@google.com,Female,131.231.154.147,11/25/2019,655.27
203,Karel,Floweth,kfloweth5m@furl.net,Male,172.101.224.52,07/07/2019,498.76
204,Vikky,Heinert,vheinert5n@wunderground.com,Female,64.207.138.122,08/13/2019,558.01
205,Zollie,Hadwen,zhadwen5o@delicious.com,Male,153.135.153.83,05/17/2019,491.47
206,Donovan,Boshell,dboshell5p@cbslocal.com,Male,20.129.181.197,01/02/2020,869.52
207,Cymbre,Lozano,clozano5q@usnews.com,Female,90.32.47.123,09/30/2019,701.63
208,Torey,Carson,tcarson5r@msn.com,Male,166.95.252.2,07/26/2019,566.58
209,Romeo,Hutcheon,rhutcheon5s@hc360.com,Male,6.30.123.12,09/20/2019,714.89
210,Myca,Buchett,mbuchett5t@nih.gov,Male,116.83.31.12,12/16/2019,414.61
211,Ardith,Druitt,adruitt5u@forbes.com,Female,163.159.49.61,04/28/2019,629.67
212,Orella,Fyfe,ofyfe5v@jimdo.com,Female,121.235.15.14,10/10/2019,976.1
213,Fowler,Michie,fmichie5w@infoseek.co.jp,Male,76.242.215.82,05/10/2019,645.96
214,Keri,Perris,kperris5x@patch.com,Female,57.255.64.206,12/04/2019,805.04
215,Melisent,Columbine,mcolumbine5y@addthis.com,Female,121.125.127.217,09/01/2019,708.95
216,Andee,Barkhouse,abarkhouse5z@youtu.be,Female,193.205.90.220,07/23/2019,640.16
217,Fanya,Backshell,fbackshell60@un.org,Female,194.196.91.175,06/27/2019,367.29
218,Lane,Eisikovitsh,leisikovitsh61@accuweather.com,Female,110.116.132.242,05/15/2019,774.25
219,Poppy,Boecke,pboecke62@tinypic.com,Female,184.26.20.72,02/26/2019,421.36
220,Denys,Bufton,dbufton63@businessweek.com,Male,212.129.119.70,04/03/2019,272.43
221,Midge,Nelhams,mnelhams64@gravatar.com,Female,39.111.173.123,05/15/2019,465.23
222,Thaddus,Scaplehorn,tscaplehorn65@1und1.de,Male,148.196.162.153,04/30/2019,953.7
223,Lawton,Chapleo,lchapleo66@youku.com,Male,44.205.161.234,07/01/2019,755.99
224,Constancy,Patey,cpatey67@omniture.com,Female,157.184.69.228,12/30/2019,891.41
225,Nicolais,Millership,nmillership68@surveymonkey.com,Male,27.60.167.67,02/07/2019,455.27
226,Cynthie,Bartelli,cbartelli69@about.me,Female,151.196.244.52,11/27/2019,442.85
227,Cece,Quodling,cquodling6a@dot.gov,Male,100.196.245.56,06/08/2019,249.56
228,Simon,Guilaem,sguilaem6b@toplist.cz,Male,235.216.240.45,01/21/2019,674.38
229,Jennie,Hethron,jhethron6c@mediafire.com,Female,25.18.79.130,03/20/2019,856.68
230,Morris,Sandercock,msandercock6d@qq.com,Male,80.235.117.130,08/19/2019,449.27
231,Marleah,Gouck,mgouck6e@cpanel.net,Female,61.80.115.209,10/08/2019,220.72
232,Cazzie,Winstone,cwinstone6f@eventbrite.com,Male,210.32.234.97,11/29/2019,487.78
233,Ethel,Saladine,esaladine6g@ca.gov,Female,163.6.90.217,04/29/2019,842.2
234,Annadiane,Groneway,agroneway6h@imgur.com,Female,76.135.194.118,06/19/2019,818.06
235,Sadella,Cochet,scochet6i@naver.com,Female,247.49.18.148,08/01/2019,673.69
236,Cinda,Boner,cboner6j@surveymonkey.com,Female,60.22.230.209,12/05/2019,622.73
237,Buiron,Geal,bgeal6k@livejournal.com,Male,221.157.253.183,01/19/2020,487.26
238,Godard,Goozee,ggoozee6l@posterous.com,Male,90.18.57.146,08/09/2019,204.26
239,Sherman,Wroath,swroath6m@mozilla.com,Male,129.97.9.182,01/09/2020,233.6
240,Vincents,Lowre,vlowre6n@tuttocitta.it,Male,180.23.238.129,04/15/2019,765.74
241,Rosamund,Ferns,rferns6o@wikipedia.org,Female,202.251.22.88,11/30/2019,728.43
242,Desi,Ferronet,dferronet6p@canalblog.com,Male,135.73.159.69,05/25/2019,837.02
243,Cobb,Griggs,cgriggs6q@hugedomains.com,Male,163.146.88.106,07/18/2019,238.88
244,Beatriz,Wurz,bwurz6r@mysql.com,Female,110.237.72.29,10/09/2019,308.11
245,Aeriell,Dunabie,adunabie6s@google.com.au,Female,38.182.184.41,10/07/2019,217.86
246,Alon,Fliege,afliege6t@prnewswire.com,Male,199.158.84.170,12/15/2019,273.36
247,Hanny,Yorke,hyorke6u@biblegateway.com,Female,104.251.221.193,08/07/2019,817.71
248,Ericka,Mehew,emehew6v@drupal.org,Female,74.212.34.75,01/03/2020,930.59
249,Fancy,Cudd,fcudd6w@cbsnews.com,Female,233.153.237.223,04/07/2019,759.77
250,Farra,Deyes,fdeyes6x@paypal.com,Female,242.244.160.49,05/26/2019,511.41
251,Ernst,Reisenstein,ereisenstein6y@fotki.com,Male,173.35.108.177,03/01/2019,540.67
252,Stacy,Zolini,szolini6z@hibu.com,Female,145.252.195.19,05/18/2019,369.65
253,Mirelle,Nevinson,mnevinson70@mac.com,Female,121.7.129.146,11/28/2019,359.26
254,Noreen,Ambler,nambler71@economist.com,Female,91.173.57.77,02/19/2019,805.13
255,Daron,Baldassi,dbaldassi72@php.net,Female,170.118.134.7,11/30/2019,903.72
256,Parnell,Darlasson,pdarlasson73@webeden.co.uk,Male,133.123.90.14,11/13/2019,470.83
257,Terri-jo,Sacco,tsacco74@census.gov,Female,41.248.63.20,02/09/2019,878.94
258,Christian,Felton,cfelton75@youtu.be,Female,142.155.76.44,10/07/2019,705.04
259,Ivie,Audus,iaudus76@patch.com,Female,155.27.23.199,05/15/2019,722.9
260,Gerianne,Sidle,gsidle77@de.vu,Female,162.210.42.43,04/16/2019,706.87
261,Kathleen,Aliberti,kaliberti78@ft.com,Female,6.177.120.194,04/04/2019,791.94
262,Sophey,Isabell,sisabell79@nhs.uk,Female,188.200.148.175,02/08/2019,271.27
263,Lissie,Wenden,lwenden7a@cdc.gov,Female,63.249.148.21,10/31/2019,644.05
264,Ara,Romagosa,aromagosa7b@google.co.uk,Female,108.125.101.176,07/08/2019,390.36
265,Douglass,Aucutt,daucutt7c@hubpages.com,Male,63.187.139.207,06/16/2019,812.28
266,Caspar,Gerckens,cgerckens7d@house.gov,Male,240.118.178.57,10/20/2019,448.56
267,Forrester,Marr,fmarr7e@gravatar.com,Male,58.78.93.120,04/06/2019,903.41
268,Glen,Glason,gglason7f@mashable.com,Male,114.75.15.254,05/27/2019,326.71
269,Nat,Le Conte,nleconte7g@g.co,Female,166.164.59.213,05/30/2019,582.17
270,Kathi,Ribou,kribou7h@nbcnews.com,Female,72.248.246.160,12/15/2019,446.65
271,Wallie,Gilcrist,wgilcrist7i@jalbum.net,Male,225.136.49.148,01/08/2020,881.31
272,Felice,Kilfedder,fkilfedder7j@domainmarket.com,Female,3.102.83.165,05/18/2019,885.73
273,Gareth,Gentery,ggentery7k@1und1.de,Male,58.42.56.203,09/29/2019,384.8
274,Merry,Bugby,mbugby7l@mtv.com,Male,122.112.107.69,11/29/2019,499.67
275,Karisa,Mander,kmander7m@live.com,Female,109.159.194.159,08/01/2019,808.88
276,Aili,Brogan,abrogan7n@live.com,Female,162.126.166.208,12/03/2019,524.74
277,Lenci,Phythian,lphythian7o@imdb.com,Male,199.106.230.180,01/17/2020,633.31
278,Alia,Winfrey,awinfrey7p@youtube.com,Female,107.230.158.88,12/30/2019,312.73
279,Didi,Bedson,dbedson7q@parallels.com,Female,216.8.106.220,05/31/2019,301.45
280,Sibby,Marczyk,smarczyk7r@economist.com,Female,3.187.179.241,01/28/2019,437.43
281,Thorvald,Hatchman,thatchman7s@webmd.com,Male,107.179.249.145,01/30/2019,253.68
282,Glenn,Adds,gadds7t@lulu.com,Male,89.247.145.144,12/30/2019,769.48
283,Vonnie,Uden,vuden7u@booking.com,Female,121.209.164.9,11/04/2019,293.46
284,Jobey,Roloff,jroloff7v@hugedomains.com,Female,167.196.111.171,07/25/2019,625.95
285,Jillie,Hay,jhay7w@ovh.net,Female,183.196.16.218,04/03/2019,864.16
286,Katerine,Koeppke,kkoeppke7x@xing.com,Female,44.85.72.51,11/13/2019,604.18
287,Grady,Fowler,gfowler7y@dailymail.co.uk,Male,89.60.158.126,09/06/2019,638.71
288,Alon,Escritt,aescritt7z@addtoany.com,Male,111.244.133.19,06/09/2019,487.72
289,Wenda,Lapree,wlapree80@comsenz.com,Female,166.143.107.57,03/11/2019,907.93
290,Kaja,Sineath,ksineath81@aol.com,Female,128.80.117.181,03/06/2019,328.82
291,Halette,Duddin,hduddin82@sphinn.com,Female,234.127.10.76,01/16/2020,379.27
292,Brody,Ough,bough83@washington.edu,Male,90.187.67.200,05/10/2019,266.97
293,Winni,Giacobelli,wgiacobelli84@cnn.com,Female,204.211.138.193,02/12/2019,238.41
294,Maryanne,Fettis,mfettis85@microsoft.com,Female,134.227.220.163,02/10/2019,875.57
295,Piotr,Saffen,psaffen86@msu.edu,Male,108.175.250.113,07/15/2019,625.89
296,Sherwin,Chapell,schapell87@woothemes.com,Male,110.167.170.153,10/31/2019,488.74
297,Albina,Yendle,ayendle88@answers.com,Female,115.55.133.119,05/29/2019,826.27
298,Sherm,Basset,sbasset89@jugem.jp,Male,211.117.101.136,11/23/2019,517.26
299,Jess,Bailes,jbailes8a@exblog.jp,Female,197.18.125.230,11/03/2019,694.21
300,Celene,Palatini,cpalatini8b@google.fr,Female,6.77.58.234,08/21/2019,904.11
301,Emery,Schriren,eschriren8c@loc.gov,Male,182.159.63.188,02/28/2019,954.96
302,Erl,Ludman,eludman8d@home.pl,Male,122.235.29.150,07/09/2019,708.39
303,Aloisia,Adame,aadame8e@ucoz.ru,Female,49.194.31.20,02/01/2019,215.56
304,Pieter,Hannum,phannum8f@howstuffworks.com,Male,213.248.239.52,06/26/2019,562.47
305,Harwilll,Timothy,htimothy8g@wunderground.com,Male,15.104.94.91,12/17/2019,424.9
306,Bartholomeus,Scorer,bscorer8h@hc360.com,Male,158.32.212.75,04/20/2019,649.81
307,Kacy,Gibbett,kgibbett8i@fastcompany.com,Female,60.120.21.60,07/27/2019,342.8
308,Anastasie,Mennithorp,amennithorp8j@e-recht24.de,Female,20.198.27.14,11/16/2019,771.62
309,Sal,Monteath,smonteath8k@disqus.com,Female,87.99.206.174,04/03/2019,239.46
310,Jase,Moncreiff,jmoncreiff8l@go.com,Male,46.249.220.2,08/15/2019,874.13
311,Amory,Santarelli,asantarelli8m@digg.com,Male,136.30.25.253,07/19/2019,435.66
312,Vite,Fludder,vfludder8n@bbb.org,Male,27.81.82.234,12/13/2019,842.58
313,Flori,Spellicy,fspellicy8o@yahoo.com,Female,44.161.74.78,05/17/2019,913.51
314,Dalt,Rubbens,drubbens8p@angelfire.com,Male,34.162.41.88,05/15/2019,280.52
315,Anett,Shepcutt,ashepcutt8q@skype.com,Female,238.241.161.61,10/13/2019,338.74
316,Linoel,Linskill,llinskill8r@fc2.com,Male,226.179.77.147,08/07/2019,688.72
317,Matthew,Crombie,mcrombie8s@liveinternet.ru,Male,165.137.172.89,02/16/2019,566.1
318,Olivero,Pengelley,opengelley8t@ycombinator.com,Male,243.234.136.132,11/26/2019,581.38
319,Melina,Finder,mfinder8u@wired.com,Female,88.74.145.195,04/08/2019,423.54
320,Kristal,Matessian,kmatessian8v@rediff.com,Female,113.26.86.202,05/10/2019,433.79
321,Alyce,Lutwyche,alutwyche8w@census.gov,Female,12.43.135.11,12/14/2019,547.49
322,Jarrod,Dellenbrook,jdellenbrook8x@weather.com,Male,49.46.156.97,04/23/2019,303.15
323,Sybil,Trenam,strenam8y@addthis.com,Female,18.240.208.128,04/30/2019,940.8
324,Wendell,Skarman,wskarman8z@accuweather.com,Male,39.13.152.253,02/24/2019,370.46
325,Sherwin,Gurys,sgurys90@marketwatch.com,Male,151.249.80.27,01/19/2020,863.34
326,Aaron,Ollerearnshaw,aollerearnshaw91@discovery.com,Male,252.47.28.12,05/08/2019,956.51
327,Randee,Mauro,rmauro92@washington.edu,Female,76.173.96.115,11/13/2019,887.69
328,Vivyanne,Labb,vlabb93@harvard.edu,Female,156.63.240.69,07/11/2019,363.64
329,Maggie,Glasser,mglasser94@about.com,Female,65.26.59.61,03/06/2019,550.74
330,Sonny,Reynault,sreynault95@qq.com,Male,124.176.10.44,10/05/2019,944.31
331,Jud,Halpine,jhalpine96@drupal.org,Male,200.255.11.71,07/13/2019,223.17
332,Jandy,Beddows,jbeddows97@usa.gov,Female,56.30.48.217,02/21/2019,824.23
333,Solomon,MacGorman,smacgorman98@admin.ch,Male,111.62.21.79,05/16/2019,688.54
334,Delia,Baughen,dbaughen99@opensource.org,Female,52.172.112.62,05/18/2019,572.64
335,Kippar,Gelletly,kgelletly9a@goo.ne.jp,Male,27.62.192.113,06/05/2019,569.84
336,Zebulon,Billett,zbillett9b@abc.net.au,Male,139.7.152.113,01/18/2020,458.48
337,Gav,Bettlestone,gbettlestone9c@typepad.com,Male,81.210.94.193,06/19/2019,368.74
338,Kasey,Lardge,klardge9d@1688.com,Female,199.141.232.114,02/17/2019,504.03
339,Roman,Dwerryhouse,rdwerryhouse9e@blog.com,Male,249.57.187.9,04/08/2019,277.16
340,Edgard,Fitchet,efitchet9f@hhs.gov,Male,173.253.97.167,09/28/2019,537.55
341,Barty,Cluer,bcluer9g@google.com.au,Male,92.244.173.58,10/15/2019,565.18
342,Drew,Venes,dvenes9h@phpbb.com,Male,148.86.42.205,10/13/2019,467.02
343,Barbabas,Devanny,bdevanny9i@bluehost.com,Male,124.74.252.21,06/30/2019,591.3
344,Cosette,Chellam,cchellam9j@phoca.cz,Female,56.195.171.102,02/01/2019,558.62
345,Rickert,Van Driel,rvandriel9k@dmoz.org,Male,122.215.139.22,04/21/2019,658.83
346,Fletch,Lyne,flyne9l@dailymail.co.uk,Male,173.49.193.62,11/24/2019,831.71
347,Lanny,Blaver,lblaver9m@upenn.edu,Male,82.157.28.114,11/03/2019,772.83
348,Arni,Hazelgreave,ahazelgreave9n@google.com.br,Male,44.70.102.95,12/26/2019,832.92
349,Stefania,Trumpeter,strumpeter9o@1und1.de,Female,228.46.198.50,02/07/2019,369.74
350,Woodie,Minico,wminico9p@123-reg.co.uk,Male,175.217.61.40,01/21/2019,631.44
351,Raddy,McDonough,rmcdonough9q@elpais.com,Male,195.78.44.48,04/23/2019,455.3
352,Ruy,Wilcott,rwilcott9r@mac.com,Male,204.107.246.91,11/24/2019,394.46
353,Elvera,Duncklee,eduncklee9s@google.de,Female,72.160.180.110,09/15/2019,948.97
354,Giffard,Martindale,gmartindale9t@goodreads.com,Male,170.40.200.241,11/21/2019,683.71
355,Jo ann,Hasker,jhasker9u@google.pl,Female,49.46.164.253,12/24/2019,913.78
356,Ardis,Neighbour,aneighbour9v@google.es,Female,128.79.9.201,06/05/2019,532.25
357,Paton,Jagiela,pjagiela9w@howstuffworks.com,Male,56.128.120.48,04/16/2019,672.85
358,Melitta,Masseo,mmasseo9x@whitehouse.gov,Female,5.57.245.184,06/01/2019,645.08
359,Teodora,Lye,tlye9y@51.la,Female,51.182.54.92,07/06/2019,856.51
360,Halimeda,Coxen,hcoxen9z@com.com,Female,22.150.210.115,06/16/2019,214.59
361,Spence,Drinkale,sdrinkalea0@i2i.jp,Male,69.184.197.74,03/21/2019,909.2
362,Krispin,Thoms,kthomsa1@engadget.com,Male,211.52.55.122,12/15/2019,478.32
363,Alano,Sutehall,asutehalla2@discovery.com,Male,8.20.12.123,09/25/2019,513.5
364,Bail,Sturch,bsturcha3@umn.edu,Male,100.98.165.90,10/10/2019,669.21
365,Carey,Bann,cbanna4@ed.gov,Male,26.239.128.75,04/09/2019,745.23
366,Ashby,Frichley,africhleya5@blog.com,Male,165.104.213.52,07/19/2019,888.38
367,Maible,Husthwaite,mhusthwaitea6@state.gov,Female,107.235.140.241,10/08/2019,800.89
368,Lillis,Balaam,lbalaama7@nymag.com,Female,175.175.183.176,07/29/2019,368.41
369,Harri,Laird,hlairda8@baidu.com,Female,65.243.242.37,12/06/2019,294.21
370,Karee,Inworth,kinwortha9@nasa.gov,Female,96.151.29.38,12/02/2019,516.12
371,Luigi,Rispine,lrispineaa@rambler.ru,Male,167.218.74.36,06/04/2019,739.03
372,Sarah,Schaumaker,sschaumakerab@oakley.com,Female,32.110.15.183,08/26/2019,814.01
373,Yale,Brownlee,ybrownleeac@etsy.com,Male,67.243.23.117,08/16/2019,227.85
374,Christoper,Steptowe,csteptowead@blogtalkradio.com,Male,255.141.32.50,12/06/2019,923.31
375,Sonni,Hearthfield,shearthfieldae@furl.net,Female,221.13.251.181,03/05/2019,290.51
376,Hetti,Angus,hangusaf@phpbb.com,Female,142.237.154.66,07/11/2019,532.06
377,Cyrus,Curgenuer,ccurgenuerag@moonfruit.com,Male,161.104.251.64,06/10/2019,600.43
378,Leeann,Palay,lpalayah@simplemachines.org,Female,124.253.228.204,04/05/2019,332.77
379,Lonnard,Abbiss,labbissai@kickstarter.com,Male,54.156.24.38,08/13/2019,646.73
380,Herby,Forber,hforberaj@ucsd.edu,Male,169.136.100.243,09/21/2019,247.11
381,Axel,Sealand,asealandak@gnu.org,Male,229.112.35.104,03/29/2019,270.34
382,Roderigo,Borlease,rborleaseal@umich.edu,Male,186.70.209.148,05/24/2019,782.67
383,Lila,Brunskill,lbrunskillam@nationalgeographic.com,Female,145.17.157.229,11/18/2019,346.33
384,Dolorita,Arnau,darnauan@who.int,Female,71.190.252.105,06/06/2019,855.64
385,Juliane,Meininger,jmeiningerao@dropbox.com,Female,130.190.55.168,11/17/2019,553.55
386,Analiese,Pinchon,apinchonap@reference.com,Female,150.83.204.19,01/18/2020,231.76
387,Barr,Danshin,bdanshinaq@is.gd,Male,169.69.175.80,05/06/2019,491.42
388,Ron,Rabier,rrabierar@usa.gov,Male,191.215.22.236,12/19/2019,892.59
389,Laney,Huncote,lhuncoteas@behance.net,Female,143.60.128.237,07/03/2019,220.94
390,Alissa,Smeal,asmealat@qq.com,Female,183.250.222.177,12/09/2019,353.69
391,Salem,Lohmeyer,slohmeyerau@shop-pro.jp,Male,173.166.224.3,01/24/2019,273.04
392,Marlene,Bromont,mbromontav@artisteer.com,Female,160.118.151.173,05/09/2019,618.62
393,Riley,Charrington,rcharringtonaw@networkadvertising.org,Male,127.36.189.233,09/10/2019,810.26
394,Skylar,Kershow,skershowax@globo.com,Male,31.143.241.219,07/10/2019,550.4
395,Blinnie,Hinckes,bhinckesay@vimeo.com,Female,93.83.44.63,07/07/2019,755.17
396,Julianna,Stennine,jstennineaz@feedburner.com,Female,102.90.161.194,03/08/2019,603.92
397,Heinrick,Wardingly,hwardinglyb0@github.com,Male,46.117.115.111,02/22/2019,805.56
398,Ambur,Schiell,aschiellb1@cornell.edu,Female,9.13.137.92,07/01/2019,652.01
399,Corinne,Spencer,cspencerb2@yolasite.com,Female,122.24.113.219,01/12/2020,835.53
400,Constantino,McJury,cmcjuryb3@amazon.co.jp,Male,195.63.17.30,05/02/2019,517.4
401,Dona,Wrigley,dwrigleyb4@unc.edu,Female,171.177.153.71,07/31/2019,830.96
402,Uta,Tegeller,utegellerb5@chicagotribune.com,Female,254.87.94.46,01/23/2019,210.14
403,Jaquenetta,Rabbitts,jrabbittsb6@alibaba.com,Female,94.222.196.42,07/15/2019,313.51
404,Titus,Jerschke,tjerschkeb7@amazon.co.jp,Male,215.107.55.220,05/13/2019,315.24
405,Roderigo,Kinforth,rkinforthb8@seattletimes.com,Male,253.52.238.77,02/11/2019,527.91
406,Dane,McSaul,dmcsaulb9@booking.com,Male,196.52.105.152,07/07/2019,972.61
407,Jermain,Heinish,jheinishba@ed.gov,Male,101.249.46.162,06/05/2019,211.38
408,Bonnibelle,Muckley,bmuckleybb@twitter.com,Female,255.207.205.101,03/28/2019,476.69
409,Dulcea,Valente,dvalentebc@ezinearticles.com,Female,171.75.209.232,11/04/2019,532.42
410,Antoine,Drynan,adrynanbd@myspace.com,Male,95.144.219.183,09/26/2019,382.12
411,Oliver,Trownson,otrownsonbe@storify.com,Male,212.30.144.189,03/25/2019,263.64
412,Aili,Carnall,acarnallbf@mozilla.org,Female,47.99.223.146,11/12/2019,967.86
413,Foster,Mcwhinney,fmcwhinneybg@liveinternet.ru,Male,35.177.220.216,07/19/2019,351.83
414,Babita,Fenner,bfennerbh@bbc.co.uk,Female,177.251.174.116,08/03/2019,969.64
415,Tris,Wilcox,twilcoxbi@pinterest.com,Male,155.47.215.139,02/22/2019,237.65
416,Chuck,Creenan,ccreenanbj@washingtonpost.com,Male,145.198.128.102,06/24/2019,974.92
417,Bibby,Crips,bcripsbk@comsenz.com,Female,143.100.36.250,09/10/2019,880.06
418,Oliy,Parram,oparrambl@yandex.ru,Female,146.244.185.114,05/15/2019,742.92
419,Gare,Terron,gterronbm@sciencedirect.com,Male,172.10.129.192,12/06/2019,322.45
420,Francis,Heggadon,fheggadonbn@spiegel.de,Male,133.117.243.197,08/12/2019,263.3
421,Rahel,Wickes,rwickesbo@about.me,Female,55.90.115.47,03/03/2019,244.41
422,Clarie,Bolland,cbollandbp@indiatimes.com,Female,251.24.202.118,03/24/2019,410.05
423,Robyn,Crosen,rcrosenbq@wordpress.org,Female,155.37.102.38,07/24/2019,211.29
424,Shaun,Bentham,sbenthambr@webeden.co.uk,Male,17.133.167.196,12/29/2019,932.71
425,Tybalt,Lghan,tlghanbs@ehow.com,Male,46.121.46.82,06/10/2019,513.63
426,Bart,Wadmore,bwadmorebt@wordpress.org,Male,188.152.16.93,02/04/2019,378.67
427,Vasilis,Girone,vgironebu@smh.com.au,Male,108.16.244.169,07/25/2019,411.51
428,Tobit,Kenworthy,tkenworthybv@skype.com,Male,179.80.56.97,09/30/2019,717.04
429,Northrup,Leimster,nleimsterbw@eventbrite.com,Male,189.77.187.130,10/02/2019,975.43
430,Cly,Koch,ckochbx@blogs.com,Male,214.62.222.93,10/07/2019,633.5
431,Willdon,Moncaster,wmoncasterby@mail.ru,Male,128.167.245.184,08/03/2019,316.22
432,Agosto,Kernoghan,akernoghanbz@java.com,Male,59.31.171.180,02/20/2019,667.67
433,Traver,Summerly,tsummerlyc0@ft.com,Male,254.238.11.75,07/12/2019,262.59
434,Doug,Chittleburgh,dchittleburghc1@ihg.com,Male,215.68.145.0,02/26/2019,866.9
435,Ofella,Cumbridge,ocumbridgec2@themeforest.net,Female,12.182.142.53,09/28/2019,542.64
436,Madeleine,Hasley,mhasleyc3@bloglines.com,Female,211.50.142.60,03/12/2019,713.28
437,Patience,Saylor,psaylorc4@discuz.net,Female,200.15.19.246,06/07/2019,936.41
438,Brigg,Balmforth,bbalmforthc5@cam.ac.uk,Male,45.88.232.199,06/24/2019,398.03
439,Clementia,Ryall,cryallc6@booking.com,Female,254.25.153.237,10/15/2019,378.77
440,Steffie,Sabban,ssabbanc7@is.gd,Female,21.106.209.145,06/15/2019,286.07
441,Charlene,Heinrich,cheinrichc8@studiopress.com,Female,50.202.220.173,04/04/2019,626.72
442,Lucia,Kemball,lkemballc9@narod.ru,Female,246.207.220.205,04/06/2019,350.01
443,Bengt,Jayes,bjayesca@wix.com,Male,144.25.106.65,01/09/2020,720.5
444,Rani,Maruszewski,rmaruszewskicb@slashdot.org,Female,52.32.113.241,03/11/2019,350.7
445,Cate,Sims,csimscc@hp.com,Female,46.63.33.230,06/13/2019,583.76
446,Samuel,Wheater,swheatercd@slate.com,Male,43.235.82.20,01/13/2020,415.48
447,Goldia,Whybrow,gwhybrowce@ed.gov,Female,175.143.5.176,07/22/2019,845.29
448,Vic,Killeen,vkilleencf@dropbox.com,Male,207.167.76.4,01/06/2020,819.93
449,Westbrook,Leacy,wleacycg@virginia.edu,Male,250.196.12.201,10/22/2019,965.7
450,Tobias,Spellsworth,tspellsworthch@weather.com,Male,146.122.210.16,04/14/2019,959.74
451,Jasmina,Tipens,jtipensci@bluehost.com,Female,194.17.96.97,11/15/2019,880.39
452,Kean,Courtenay,kcourtenaycj@ameblo.jp,Male,90.115.115.145,08/31/2019,461.16
453,Brandea,Morton,bmortonck@amazonaws.com,Female,18.149.157.153,02/23/2019,945.58
454,Inigo,Coie,icoiecl@apple.com,Male,0.71.227.166,12/24/2019,478.86
455,Brianna,Peile,bpeilecm@phoca.cz,Female,31.255.143.254,11/11/2019,851.69
456,Finley,Demaine,fdemainecn@ft.com,Male,95.196.135.11,06/01/2019,664.24
457,Orson,Buckel,obuckelco@ucoz.com,Male,214.88.155.27,04/07/2019,517.49
458,Herculie,Overton,hovertoncp@phpbb.com,Male,94.34.34.107,06/02/2019,503.49
459,Elfreda,Hannond,ehannondcq@unesco.org,Female,52.165.198.174,06/18/2019,290.76
460,Chlo,Sivewright,csivewrightcr@nymag.com,Female,67.28.173.74,01/29/2019,229.49
461,Ced,Vaughton,cvaughtoncs@behance.net,Male,0.227.98.63,11/20/2019,711.34
462,Savina,Younglove,syounglovect@webeden.co.uk,Female,64.122.149.38,05/06/2019,701.98
463,Sella,Parkyns,sparkynscu@ibm.com,Female,187.188.107.254,01/15/2020,811.54
464,Corny,Ellin,cellincv@google.ru,Female,158.153.174.190,05/26/2019,780.95
465,Loise,Suatt,lsuattcw@omniture.com,Female,192.66.15.113,11/16/2019,587.04
466,Beilul,Pudding,bpuddingcx@aol.com,Female,194.251.180.147,06/24/2019,398.37
467,Jeniffer,Ambrozewicz,jambrozewiczcy@senate.gov,Female,79.7.50.207,05/31/2019,713.1
468,Agnella,Storre,astorrecz@miitbeian.gov.cn,Female,15.19.237.154,02/25/2019,377.56
469,Kelly,Pimm,kpimmd0@google.nl,Female,154.238.102.196,05/26/2019,882.44
470,Eugenie,Whatham,ewhathamd1@printfriendly.com,Female,29.19.86.183,09/12/2019,409.69
471,Rennie,Philbin,rphilbind2@is.gd,Female,201.102.47.156,08/05/2019,476.12
472,Minor,Stoner,mstonerd3@cnn.com,Male,247.110.254.42,07/28/2019,713.05
473,Lee,Bansal,lbansald4@washington.edu,Female,28.46.142.223,03/25/2019,727.35
474,Kellen,Hannibal,khannibald5@nba.com,Male,59.29.27.8,08/11/2019,983.1
475,Del,Atkinson,datkinsond6@mashable.com,Male,61.4.70.95,11/18/2019,341.44
476,Bobbee,Benzi,bbenzid7@google.de,Female,217.90.24.241,01/08/2020,292.23
477,Candace,Arnaudi,carnaudid8@mapy.cz,Female,89.93.231.145,08/15/2019,386.26
478,My,Lodin,mlodind9@csmonitor.com,Male,13.82.120.157,12/27/2019,921.67
479,Vincent,Burren,vburrenda@stanford.edu,Male,128.173.80.66,04/09/2019,289.27
480,Paxon,Abbet,pabbetdb@ucla.edu,Male,194.253.34.213,02/23/2019,697.25
481,Sharona,Semble,ssembledc@marketwatch.com,Female,16.63.84.246,08/21/2019,289.3
482,Herve,Jenckes,hjenckesdd@forbes.com,Male,224.30.109.148,06/06/2019,460.54
483,Lynne,MacAless,lmacalessde@free.fr,Female,174.221.48.108,04/17/2019,490.37
484,Dieter,Powderham,dpowderhamdf@toplist.cz,Male,25.132.139.201,11/22/2019,542.78
485,Ronna,Hatherall,rhatheralldg@bloomberg.com,Female,216.187.154.206,06/30/2019,275.37
486,Wilek,Borgnet,wborgnetdh@ted.com,Male,216.95.60.131,08/12/2019,527.11
487,Willy,Pettegre,wpettegredi@marketwatch.com,Female,248.237.187.32,05/26/2019,391.73
488,Adriana,Hewkin,ahewkindj@bandcamp.com,Female,63.141.148.86,08/13/2019,634.14
489,Guinevere,Fentem,gfentemdk@networksolutions.com,Female,163.191.38.248,11/03/2019,796.33
490,Kendal,Gritskov,kgritskovdl@vkontakte.ru,Male,115.179.230.225,06/17/2019,570.21
491,Grace,Instrell,ginstrelldm@nytimes.com,Male,20.188.49.90,08/26/2019,772.46
492,Delly,Coatman,dcoatmandn@zdnet.com,Female,71.141.156.163,11/24/2019,811.63
493,Micheal,Shoebotham,mshoebothamdo@ow.ly,Male,233.98.2.151,01/21/2019,454.12
494,Dell,Keitley,dkeitleydp@spiegel.de,Male,19.142.35.213,08/29/2019,813.16
495,Max,Humberstone,mhumberstonedq@nyu.edu,Female,208.49.113.207,06/20/2019,669.98
496,Kristian,Huburn,khuburndr@myspace.com,Male,251.63.223.180,03/14/2019,465.69
497,Brynne,Bessom,bbessomds@mapquest.com,Female,247.206.230.142,04/17/2019,810.67
498,Timmi,Osborn,tosborndt@google.de,Female,197.161.118.85,10/09/2019,260.26
499,Priscilla,Northfield,pnorthfielddu@howstuffworks.com,Female,128.136.93.115,12/04/2019,202.53
500,Darleen,Ludye,dludyedv@wordpress.com,Female,184.113.219.55,12/09/2019,612.27
501,Letizia,Povey,lpoveydw@ezinearticles.com,Female,242.43.26.91,01/13/2020,990.81
502,Jarib,Symers,jsymersdx@qq.com,Male,100.96.241.27,05/30/2019,929.42
503,Marlene,Espinoy,mespinoydy@tiny.cc,Female,223.181.99.70,07/02/2019,554.61
504,Bevvy,Lambol,blamboldz@businesswire.com,Female,127.99.2.250,04/04/2019,278.32
505,Lari,Maylour,lmayloure0@amazon.com,Female,188.27.93.211,12/31/2019,934.3
506,Chase,Lowdiane,clowdianee1@flickr.com,Male,172.7.222.173,02/08/2019,953.65
507,Etienne,Basten,ebastene2@technorati.com,Male,232.65.86.7,07/24/2019,551.04
508,Yard,Baudassi,ybaudassie3@twitter.com,Male,48.193.183.152,07/11/2019,388.55
509,Vivia,Rosenfeld,vrosenfelde4@ask.com,Female,91.115.148.127,12/05/2019,659.48
510,Dorette,Rakestraw,drakestrawe5@netscape.com,Female,106.186.30.50,12/17/2019,483.03
511,Ryann,Nutting,rnuttinge6@phoca.cz,Female,239.194.99.137,03/06/2019,543.24
512,Rita,Dawes,rdawese7@wisc.edu,Female,231.86.85.137,10/21/2019,507.97
513,Gage,Coleyshaw,gcoleyshawe8@barnesandnoble.com,Male,168.162.200.57,06/14/2019,560.71
514,Cary,Delagua,cdelaguae9@webs.com,Male,118.182.126.113,11/19/2019,882.45
515,Norri,Mulkerrins,nmulkerrinsea@google.com.hk,Female,53.47.145.0,01/16/2020,483.18
516,Baudoin,Bozier,bboziereb@delicious.com,Male,82.54.156.50,02/22/2019,995.48
517,Sherline,Bengtsson,sbengtssonec@unblog.fr,Female,74.66.205.31,12/17/2019,355.11
518,Pennie,Prevost,pprevosted@google.co.uk,Female,210.217.99.20,10/23/2019,749.07
519,Giffard,Dries,gdriesee@exblog.jp,Male,51.232.94.206,08/19/2019,837.42
520,Burr,Galliver,bgalliveref@ted.com,Male,163.49.237.36,09/18/2019,907.59
521,Kinna,Kidby,kkidbyeg@jalbum.net,Female,113.79.14.222,08/26/2019,591.95
522,Berenice,Blanche,bblancheeh@technorati.com,Female,232.45.208.29,04/23/2019,727.66
523,Davidde,Dibner,ddibnerei@wsj.com,Male,237.50.163.250,08/01/2019,977.48
524,Teresa,Oxe,toxeej@ow.ly,Female,92.69.203.246,01/10/2020,597.01
525,Alexis,Malamore,amalamoreek@ustream.tv,Female,245.242.192.18,09/14/2019,968.1
526,Quill,Hulatt,qhulattel@ed.gov,Male,160.174.95.22,08/21/2019,757.09
527,Kerk,Haxell,khaxellem@discovery.com,Male,224.32.108.226,07/09/2019,721.32
528,Marianne,Moogan,mmooganen@nature.com,Female,159.77.164.102,03/18/2019,512.25
529,Shel,Lidell,slidelleo@istockphoto.com,Female,58.136.82.233,02/13/2019,938.33
530,Rosette,Francklin,rfrancklinep@yolasite.com,Female,3.117.30.229,06/11/2019,259.95
531,Crystie,Issacof,cissacofeq@ezinearticles.com,Female,193.82.45.48,04/07/2019,564.26
532,Kariotta,Archer,karcherer@canalblog.com,Female,204.253.252.73,07/27/2019,892.25
533,Benedikta,Reburn,breburnes@cornell.edu,Female,128.164.65.37,04/26/2019,623.21
534,Reagen,Georgescu,rgeorgescuet@cornell.edu,Male,89.155.71.202,10/27/2019,376.79
535,Heywood,Pentland,hpentlandeu@blog.com,Male,192.96.194.30,05/13/2019,681.15
536,Garwood,Puve,gpuveev@xing.com,Male,66.30.222.214,03/12/2019,993.57
537,Duffie,Beden,dbedenew@google.co.uk,Male,59.6.103.152,11/12/2019,792.28
538,Alida,Bru,abruex@house.gov,Female,196.112.145.113,09/21/2019,677.66
539,Kirsten,Mulroy,kmulroyey@elegantthemes.com,Female,5.145.84.209,03/05/2019,521.93
540,Kippy,Ashlin,kashlinez@wiley.com,Male,79.15.103.93,10/25/2019,563.7
541,Jacquette,Sambell,jsambellf0@blogs.com,Female,216.61.86.109,12/17/2019,488.64
542,Debbie,Feldhorn,dfeldhornf1@vistaprint.com,Female,28.53.57.225,07/17/2019,470.29
543,Dalt,Kubat,dkubatf2@businessweek.com,Male,254.29.166.146,09/13/2019,987.05
544,Brnaby,Chaimson,bchaimsonf3@posterous.com,Male,83.55.25.87,09/28/2019,772.71
545,Egan,Bullocke,ebullockef4@lycos.com,Male,199.203.36.36,04/25/2019,591.67
546,Nicolai,Thurstance,nthurstancef5@live.com,Male,172.196.151.89,12/26/2019,266.83
547,Guinna,Yerby,gyerbyf6@php.net,Female,165.75.21.90,07/01/2019,304.66
548,Ulrick,Riddles,uriddlesf7@umn.edu,Male,17.243.18.195,09/08/2019,439.79
549,Ashien,McPhelim,amcphelimf8@paypal.com,Female,254.18.164.129,03/13/2019,905.14
550,Micaela,Doerr,mdoerrf9@newyorker.com,Female,57.243.217.56,01/22/2019,986.09
551,Josephine,Nana,jnanafa@umich.edu,Female,20.4.80.94,06/13/2019,714.29
552,Myrtice,Peddar,mpeddarfb@cafepress.com,Female,224.102.223.116,03/22/2019,336.29
553,Veda,Kahane,vkahanefc@usgs.gov,Female,76.168.244.66,07/11/2019,674.25
554,Gibbie,Dozdill,gdozdillfd@google.com.hk,Male,189.27.99.161,08/26/2019,985.13
555,Mabel,Quickfall,mquickfallfe@toplist.cz,Female,177.133.149.137,09/25/2019,835.9
556,Marys,Collman,mcollmanff@salon.com,Female,185.233.172.59,01/20/2019,541.2
557,Dagny,Rappport,drappportfg@xrea.com,Male,225.154.235.30,10/14/2019,299.42
558,Erl,Pottiphar,epottipharfh@shinystat.com,Male,199.38.214.27,03/07/2019,397.53
559,Anett,Branscomb,abranscombfi@disqus.com,Female,72.104.59.33,01/02/2020,801.25
560,Millicent,McCafferky,mmccafferkyfj@ft.com,Female,213.69.35.30,12/15/2019,387.79
561,Hershel,Stores,hstoresfk@tinyurl.com,Male,202.46.95.126,06/02/2019,402.87
562,Ros,Gilligan,rgilliganfl@cbslocal.com,Female,170.46.242.159,02/02/2019,867.18
563,Hendrika,Cicchitello,hcicchitellofm@state.tx.us,Female,8.107.91.168,09/09/2019,412.85
564,Riordan,Szymanowski,rszymanowskifn@apple.com,Male,64.125.70.179,04/18/2019,827.22
565,Renee,Dimitrie,rdimitriefo@wp.com,Female,49.65.19.13,09/06/2019,597.4
566,Steffen,Percifer,sperciferfp@whitehouse.gov,Male,173.56.249.43,11/04/2019,922.32
567,Robinette,Williamson,rwilliamsonfq@usa.gov,Female,150.61.47.150,05/24/2019,735.91
568,Rowen,Broose,rbroosefr@example.com,Male,53.226.216.253,04/29/2019,364.59
569,Riley,Reeders,rreedersfs@a8.net,Male,230.29.144.11,09/15/2019,364.74
570,Kristos,Bellamy,kbellamyft@amazon.co.uk,Male,39.145.112.50,05/18/2019,490.56
571,Jefferey,Ashmole,jashmolefu@behance.net,Male,23.232.217.4,03/30/2019,808.49
572,Hannis,Bennedsen,hbennedsenfv@dagondesign.com,Female,11.168.38.219,04/08/2019,817.52
573,Fidelity,Yon,fyonfw@auda.org.au,Female,135.145.200.198,08/16/2019,426.58
574,Wald,Coutts,wcouttsfx@weather.com,Male,96.134.165.161,12/22/2019,956.42
575,Alanna,Roston,arostonfy@wikipedia.org,Female,140.97.168.16,05/20/2019,553.08
576,Corabella,Slocomb,cslocombfz@google.co.jp,Female,116.55.31.220,01/09/2020,855.51
577,Fleming,Jedrzejewski,fjedrzejewskig0@edublogs.org,Male,223.176.10.179,05/17/2019,471.91
578,Angelique,Tattam,atattamg1@ox.ac.uk,Female,155.40.59.226,12/18/2019,272.99
579,Kati,Deighan,kdeighang2@google.es,Female,40.125.203.126,05/09/2019,869.82
580,Cammy,Kegg,ckeggg3@wisc.edu,Male,68.149.74.204,05/16/2019,818.74
581,Haywood,Trahair,htrahairg4@slate.com,Male,13.64.10.172,08/18/2019,378.37
582,Jameson,Kristufek,jkristufekg5@skyrock.com,Male,135.19.35.25,11/07/2019,894.1
583,Josepha,Chappelow,jchappelowg6@epa.gov,Female,73.240.146.122,04/22/2019,875.68
584,Arther,Bassam,abassamg7@geocities.jp,Male,161.209.41.83,07/07/2019,793.79
585,Devy,Lethabridge,dlethabridgeg8@nydailynews.com,Male,163.196.7.216,06/23/2019,667.76
586,Pennie,Hamm,phammg9@abc.net.au,Male,47.72.196.137,12/15/2019,765.87
587,Baudoin,Bafford,bbaffordga@homestead.com,Male,67.154.44.103,03/17/2019,373.59
588,Gracia,Spieck,gspieckgb@census.gov,Female,206.52.208.85,03/22/2019,399.58
589,Moises,Stracey,mstraceygc@last.fm,Male,90.187.209.169,08/22/2019,801.72
590,Arlee,Scarce,ascarcegd@bloglines.com,Female,39.194.108.113,12/29/2019,385.69
591,Osmond,Dungee,odungeege@pbs.org,Male,129.202.199.50,10/22/2019,496.11
592,Felicio,Crannell,fcrannellgf@ifeng.com,Male,200.157.205.251,06/12/2019,701.49
593,Eunice,Dawber,edawbergg@comcast.net,Female,89.9.174.205,11/13/2019,763.71
594,Cy,Bisiker,cbisikergh@webs.com,Male,226.1.178.149,05/28/2019,669.51
595,Taylor,Matschke,tmatschkegi@feedburner.com,Male,230.203.179.78,06/04/2019,468.7
596,Reinhard,Toller,rtollergj@uol.com.br,Male,89.67.135.239,07/29/2019,723.71
597,Dallon,Brosius,dbrosiusgk@cisco.com,Male,42.116.41.19,08/05/2019,533.96
598,Augusto,Chippendale,achippendalegl@samsung.com,Male,73.39.19.26,11/21/2019,824.37
599,Pauli,Brinkley,pbrinkleygm@csmonitor.com,Female,20.212.161.47,05/28/2019,807.62
600,Bert,Rossander,brossandergn@auda.org.au,Male,97.197.3.112,10/25/2019,486.48
601,Dori,Burrows,dburrowsgo@123-reg.co.uk,Female,192.236.147.157,12/20/2019,351.39
602,Steffi,Stobbe,sstobbegp@scribd.com,Female,239.116.182.124,04/18/2019,811.37
603,Minnaminnie,Bellchamber,mbellchambergq@123-reg.co.uk,Female,145.186.113.210,10/08/2019,987.75
604,Ingrim,Weerdenburg,iweerdenburggr@exblog.jp,Male,175.223.6.63,05/14/2019,654.01
605,Florette,Dabnor,fdabnorgs@netscape.com,Female,138.72.182.212,02/01/2019,599.97
606,Duke,Deschelle,ddeschellegt@naver.com,Male,141.56.180.61,03/17/2019,926.28
607,Skye,Carlo,scarlogu@indiatimes.com,Male,71.107.137.174,02/06/2019,214.16
608,Jorge,Gilhoolie,jgilhooliegv@arstechnica.com,Male,170.202.129.72,04/26/2019,899.04
609,Jenny,Jerrold,jjerroldgw@google.es,Female,155.62.75.152,06/04/2019,440.34
610,Wenona,Burnhams,wburnhamsgx@dailymail.co.uk,Female,201.235.214.248,07/16/2019,458.74
611,Luis,Frowen,lfrowengy@marriott.com,Male,201.86.65.204,09/03/2019,613.34
612,Friederike,Meaders,fmeadersgz@businessinsider.com,Female,28.191.65.19,10/08/2019,402.85
613,Pacorro,Cadwaladr,pcadwaladrh0@t.co,Male,149.123.182.113,11/08/2019,469.21
614,Orelee,Fairlie,ofairlieh1@elegantthemes.com,Female,23.4.244.189,07/20/2019,807.25
615,Honoria,Reisin,hreisinh2@icq.com,Female,42.247.118.178,02/06/2019,974.86
616,Lynne,Fayre,lfayreh3@reddit.com,Female,146.254.67.101,09/04/2019,230.68
617,Hattie,Longland,hlonglandh4@shutterfly.com,Female,90.230.36.190,10/27/2019,603.96
618,Martita,Bladon,mbladonh5@example.com,Female,47.21.193.213,12/15/2019,869.61
619,Sharla,Divina,sdivinah6@guardian.co.uk,Female,220.144.218.178,02/06/2019,863.53
620,Jilly,Hakewell,jhakewellh7@biblegateway.com,Female,247.250.73.92,06/23/2019,450.06
621,Zora,Plimmer,zplimmerh8@lycos.com,Female,8.208.119.118,06/15/2019,933.2
622,Stu,Bernette,sbernetteh9@cdc.gov,Male,87.166.111.126,11/28/2019,308.34
623,Meridel,Livett,mlivettha@issuu.com,Female,80.245.189.31,07/25/2019,577.83
624,Charley,Harbert,charberthb@mashable.com,Male,8.142.45.34,11/18/2019,691.29
625,Isabelle,Chanter,ichanterhc@hhs.gov,Female,68.86.11.187,04/06/2019,798.5
626,Denys,Fanstone,dfanstonehd@mit.edu,Female,186.101.245.45,05/10/2019,712.01
627,Marybeth,McFetridge,mmcfetridgehe@imgur.com,Female,166.166.22.172,03/18/2019,385.52
628,Melosa,Spragge,mspraggehf@independent.co.uk,Female,25.38.44.246,03/26/2019,281.51
629,Zach,Julyan,zjulyanhg@addtoany.com,Male,75.212.100.114,07/08/2019,868.68
630,Guillemette,Brizell,gbrizellhh@sohu.com,Female,87.122.240.155,02/23/2019,675.1
631,Elizabet,Pickavant,epickavanthi@chronoengine.com,Female,11.194.171.120,10/31/2019,529.34
632,Janos,Reames,jreameshj@ftc.gov,Male,143.112.116.14,12/21/2019,355.33
633,Kassia,Hothersall,khothersallhk@networkadvertising.org,Female,32.39.184.158,07/22/2019,674.27
634,Annabel,Meadows,ameadowshl@deliciousdays.com,Female,229.252.11.236,09/24/2019,852.93
635,Thayne,Rodgman,trodgmanhm@ucsd.edu,Male,67.94.194.2,08/03/2019,208.95
636,Mariellen,Brithman,mbrithmanhn@mit.edu,Female,211.244.49.41,09/19/2019,377.86
637,Charlotta,Choak,cchoakho@opera.com,Female,241.13.45.124,10/20/2019,889.98
638,Salem,Didsbury,sdidsburyhp@un.org,Male,233.6.83.226,11/09/2019,211.44
639,Binnie,Segebrecht,bsegebrechthq@digg.com,Female,96.63.17.131,12/25/2019,795.59
640,Kellyann,Wallett,kwalletthr@xing.com,Female,133.116.82.74,09/02/2019,807.61
641,Elbertina,Darrow,edarrowhs@nhs.uk,Female,84.223.61.121,08/03/2019,225.37
642,Osbert,Hollibone,oholliboneht@narod.ru,Male,36.255.231.178,03/31/2019,866.86
643,Vassily,Mathys,vmathyshu@zdnet.com,Male,111.152.86.112,01/30/2019,539.1
644,Ian,Cervantes,icervanteshv@github.com,Male,14.161.235.82,05/13/2019,254.97
645,Sim,Torrisi,storrisihw@chicagotribune.com,Male,69.241.113.79,06/06/2019,380.82
646,Michelina,Currell,mcurrellhx@nsw.gov.au,Female,93.169.239.103,08/29/2019,688.01
647,Griff,Sloyan,gsloyanhy@opera.com,Male,96.250.195.80,02/15/2019,218.68
648,Yovonnda,Sholem,ysholemhz@xing.com,Female,172.208.234.32,09/28/2019,492.29
649,Jacquelin,Iddy,jiddyi0@fotki.com,Female,6.136.23.195,07/01/2019,469.31
650,Kelbee,Ogbourne,kogbournei1@yahoo.co.jp,Male,123.2.167.20,04/03/2019,465.76
651,Joly,Basley,jbasleyi2@pcworld.com,Female,51.187.213.177,04/12/2019,209.69
652,Stirling,Handford,shandfordi3@wikispaces.com,Male,249.28.147.106,03/17/2019,721.59
653,Zahara,Slaymaker,zslaymakeri4@paginegialle.it,Female,24.253.230.83,10/09/2019,570.16
654,Jamie,Burree,jburreei5@shop-pro.jp,Female,30.21.42.184,05/03/2019,720.37
655,Clarisse,Kitchin,ckitchini6@naver.com,Female,146.141.178.186,06/19/2019,433.59
656,Caroline,Danieli,cdanielii7@timesonline.co.uk,Female,244.58.133.47,11/05/2019,812.37
657,Brier,Goodenough,bgoodenoughi8@symantec.com,Female,178.238.8.215,08/25/2019,213.29
658,Andria,Corbyn,acorbyni9@kickstarter.com,Female,0.100.99.91,05/24/2019,648.67
659,Tommy,Hauxwell,thauxwellia@deliciousdays.com,Female,132.195.118.85,05/13/2019,855.59
660,Diarmid,Spilstead,dspilsteadib@ihg.com,Male,193.31.4.168,08/02/2019,666.96
661,Zitella,Buddock,zbuddockic@sfgate.com,Female,45.189.138.110,11/02/2019,699.64
662,Thaddus,Verma,tvermaid@opera.com,Male,93.145.79.85,03/17/2019,274.02
663,Ambros,McDougall,amcdougallie@mlb.com,Male,48.89.220.217,07/15/2019,653.96
664,Graeme,Ateggart,gateggartif@amazon.com,Male,239.192.223.129,01/04/2020,966.24
665,Randee,Pirson,rpirsonig@salon.com,Female,190.127.91.238,09/13/2019,765.57
666,Lyndsay,Calcott,lcalcottih@indiegogo.com,Female,41.12.74.226,03/14/2019,260.57
667,Odessa,Dracey,odraceyii@google.com,Female,47.158.92.2,09/15/2019,361.8
668,Bartholomew,Copland,bcoplandij@theguardian.com,Male,107.224.3.77,04/17/2019,335.47
669,Lance,Oxlee,loxleeik@amazon.de,Male,168.198.47.253,11/24/2019,336.67
670,Selig,Rollason,srollasonil@dailymotion.com,Male,121.204.112.0,10/19/2019,925.47
671,Shaw,Phillot,sphillotim@skyrock.com,Male,35.28.238.117,06/18/2019,481.14
672,Marylinda,Sydes,msydesin@tinypic.com,Female,96.170.156.181,07/04/2019,662.43
673,Sharl,Killiam,skilliamio@reuters.com,Female,241.78.6.217,05/12/2019,375.42
674,Mason,Sirette,msiretteip@bloomberg.com,Male,65.63.108.221,04/23/2019,352.35
675,Salomone,Sentance,ssentanceiq@soundcloud.com,Male,57.182.127.27,07/09/2019,761.33
676,Lewiss,Milsap,lmilsapir@shinystat.com,Male,177.125.122.42,11/23/2019,243.59
677,Julie,Douse,jdouseis@spotify.com,Female,73.175.218.185,08/19/2019,849.16
678,Micheal,Brauner,mbraunerit@skype.com,Male,39.98.123.139,11/13/2019,700.7
679,Janela,Hearl,jhearliu@studiopress.com,Female,145.177.217.96,02/26/2019,861.37
680,Tammi,Yelland,tyellandiv@sphinn.com,Female,229.243.254.232,05/16/2019,458.0
681,Caril,Creighton,ccreightoniw@ftc.gov,Female,104.128.139.12,02/18/2019,823.73
682,Evangelin,Gowlett,egowlettix@gizmodo.com,Female,170.251.209.98,08/27/2019,755.33
683,Eadith,Badrick,ebadrickiy@feedburner.com,Female,4.19.139.225,12/17/2019,405.09
684,Steward,Pepper,spepperiz@engadget.com,Male,172.85.190.29,05/03/2019,716.61
685,Fannie,Berecloth,fbereclothj0@rediff.com,Female,140.199.53.186,04/29/2019,361.38
686,Marigold,O'Hickee,mohickeej1@symantec.com,Female,106.11.22.6,04/01/2019,787.4
687,Lotti,Harsant,lharsantj2@altervista.org,Female,63.67.3.38,09/03/2019,746.76
688,Cornie,Barfford,cbarffordj3@51.la,Female,136.166.21.247,04/08/2019,578.2
689,Jori,Cosser,jcosserj4@bbc.co.uk,Female,124.84.131.131,01/29/2019,356.47
690,Randell,Stickland,rsticklandj5@51.la,Male,246.196.120.114,04/16/2019,435.12
691,Meaghan,Pickhaver,mpickhaverj6@netscape.com,Female,0.225.140.210,09/27/2019,657.85
692,Karla,Trotton,ktrottonj7@comcast.net,Female,210.185.64.159,01/14/2020,745.3
693,Ediva,Calken,ecalkenj8@cnet.com,Female,134.108.26.126,02/28/2019,256.18
694,Stevie,Hannam,shannamj9@blogtalkradio.com,Male,95.248.116.173,11/17/2019,250.16
695,Pedro,Edginton,pedgintonja@example.com,Male,191.227.6.166,11/14/2019,812.28
696,Babbette,Birmingham,bbirminghamjb@printfriendly.com,Female,90.233.33.90,02/22/2019,249.07
697,Chalmers,Heckner,checknerjc@bloglines.com,Male,49.142.133.107,06/09/2019,717.51
698,Layney,Baukham,lbaukhamjd@home.pl,Female,88.197.253.101,04/05/2019,785.8
699,Curcio,St. Queintain,cstqueintainje@tumblr.com,Male,172.138.54.33,02/03/2019,709.06
700,Silva,Romanetti,sromanettijf@goo.gl,Female,35.147.239.69,07/08/2019,651.72
701,Burg,Hryskiewicz,bhryskiewiczjg@reverbnation.com,Male,164.243.207.253,12/21/2019,853.54
702,Gun,Spon,gsponjh@opensource.org,Male,11.80.154.133,02/08/2019,461.87
703,Collie,O'Loughlin,coloughlinji@netscape.com,Female,247.129.202.181,03/14/2019,471.03
704,Konstance,Willden,kwilldenjj@cmu.edu,Female,192.118.146.116,03/03/2019,852.42
705,Franz,Byk,fbykjk@independent.co.uk,Male,94.183.161.163,06/08/2019,984.09
706,Stephanie,Blondin,sblondinjl@e-recht24.de,Female,149.230.183.65,09/10/2019,327.71
707,Adamo,Shakelade,ashakeladejm@soup.io,Male,158.154.186.1,05/02/2019,875.91
708,Hendrick,Loverock,hloverockjn@nasa.gov,Male,114.230.178.120,06/30/2019,867.43
709,Titus,Gash,tgashjo@diigo.com,Male,100.192.7.141,01/21/2019,895.59
710,Barron,Gladdolph,bgladdolphjp@miitbeian.gov.cn,Male,206.244.5.224,01/28/2019,877.26
711,Cariotta,Kaveney,ckaveneyjq@ucla.edu,Female,110.70.149.39,06/27/2019,387.15
712,Jannel,Slyne,jslynejr@china.com.cn,Female,255.122.38.121,09/12/2019,548.26
713,Marji,Bingall,mbingalljs@fc2.com,Female,251.190.219.224,05/30/2019,727.54
714,Vi,Gilleon,vgilleonjt@youku.com,Female,121.179.217.43,10/08/2019,790.81
715,Raquela,Dawley,rdawleyju@shinystat.com,Female,185.142.146.123,07/30/2019,941.73
716,Dalila,Dorracott,ddorracottjv@mysql.com,Female,39.55.219.231,08/04/2019,200.29
717,Cordelia,Rizziello,crizziellojw@amazon.de,Female,111.135.69.174,03/02/2019,542.66
718,Orelee,Clemence,oclemencejx@paypal.com,Female,28.117.233.154,03/14/2019,933.74
719,Ansley,Shyres,ashyresjy@studiopress.com,Female,95.246.45.26,07/07/2019,883.92
720,Verne,Beldon,vbeldonjz@360.cn,Male,4.118.222.251,12/31/2019,480.16
721,Prissie,Camoletto,pcamolettok0@free.fr,Female,112.174.93.186,03/10/2019,729.58
722,Cornie,Glowacki,cglowackik1@msn.com,Female,190.68.52.165,03/29/2019,428.77
723,Mabelle,Truckett,mtruckettk2@dot.gov,Female,166.183.188.93,07/05/2019,893.15
724,Robbin,Escot,rescotk3@yahoo.com,Female,43.200.173.158,09/15/2019,602.28
725,Yuri,McGaw,ymcgawk4@soup.io,Male,184.245.154.150,12/04/2019,286.74
726,Lexi,Hazlegrove,lhazlegrovek5@hatena.ne.jp,Female,150.100.188.90,04/10/2019,222.71
727,Davon,D'Cruze,ddcruzek6@youtube.com,Male,246.77.208.4,08/11/2019,222.84
728,Matthias,Lewtey,mlewteyk7@drupal.org,Male,112.20.249.157,01/11/2020,961.53
729,Carver,Thumim,cthumimk8@ca.gov,Male,34.73.245.205,07/12/2019,543.52
730,Sophey,Meynell,smeynellk9@zdnet.com,Female,218.24.66.32,09/08/2019,769.7
731,Coreen,Swede,cswedeka@jugem.jp,Female,40.226.5.232,02/09/2019,936.61
732,Dinah,Golledge,dgolledgekb@theatlantic.com,Female,141.246.71.139,08/30/2019,540.12
733,Falito,Weinmann,fweinmannkc@ucla.edu,Male,28.54.138.203,08/27/2019,939.12
734,Miquela,Cawthera,mcawtherakd@marriott.com,Female,237.124.94.233,11/07/2019,485.19
735,Gates,Stoite,gstoiteke@linkedin.com,Female,78.213.13.30,06/28/2019,228.82
736,Enid,Deverson,edeversonkf@shutterfly.com,Female,90.99.203.92,06/12/2019,241.71
737,Den,Coker,dcokerkg@vkontakte.ru,Male,212.235.153.14,02/22/2019,357.57
738,Lamont,Kincla,lkinclakh@huffingtonpost.com,Male,184.150.105.5,05/06/2019,721.69
739,Amalia,Olivetti,aolivettiki@sphinn.com,Female,167.118.182.67,06/14/2019,586.5
740,Charlton,Sher,csherkj@google.com,Male,196.77.64.48,03/24/2019,218.96
741,Gaye,Thow,gthowkk@jigsy.com,Female,91.137.205.47,07/12/2019,752.18
742,Truman,Darnbrough,tdarnbroughkl@sohu.com,Male,249.185.211.19,09/17/2019,849.13
743,Lilith,Camfield,lcamfieldkm@webeden.co.uk,Female,216.1.121.139,11/20/2019,274.2
744,Zelig,Carmont,zcarmontkn@walmart.com,Male,90.216.86.216,10/18/2019,451.07
745,Ailsun,Jenken,ajenkenko@rediff.com,Female,23.218.117.180,07/28/2019,899.32
746,Karole,Jeandot,kjeandotkp@msu.edu,Female,129.204.104.123,12/27/2019,217.85
747,Norrie,Domenge,ndomengekq@tumblr.com,Male,173.161.119.85,03/07/2019,850.5
748,Ealasaid,Miko,emikokr@tuttocitta.it,Female,35.246.112.7,09/20/2019,847.92
749,Neila,Coulthart,ncoulthartks@hhs.gov,Female,21.114.31.53,10/18/2019,687.91
750,Ellyn,Rabbage,erabbagekt@cbc.ca,Female,222.204.98.124,10/10/2019,618.34
751,Gran,Domenico,gdomenicoku@house.gov,Male,225.145.89.0,02/11/2019,792.08
752,Jakie,Lowes,jloweskv@hibu.com,Male,212.193.168.76,12/20/2019,880.47
753,Briana,Perceval,bpercevalkw@earthlink.net,Female,123.253.0.243,11/23/2019,970.1
754,Erastus,Sponder,esponderkx@topsy.com,Male,103.152.106.152,08/02/2019,907.02
755,Priscella,Barmby,pbarmbyky@comcast.net,Female,5.106.16.135,03/06/2019,509.65
756,Nesta,Rawdall,nrawdallkz@va.gov,Female,230.0.135.124,10/03/2019,680.27
757,Verne,Nimmo,vnimmol0@deliciousdays.com,Male,231.250.214.170,03/26/2019,492.88
758,Sigrid,Poznan,spoznanl1@npr.org,Female,131.199.255.33,06/12/2019,557.14
759,Melita,Hovee,mhoveel2@live.com,Female,54.103.64.14,01/08/2020,766.43
760,Lucia,Robiot,lrobiotl3@ox.ac.uk,Female,34.16.248.188,05/31/2019,919.81
761,Jacqueline,Sheard,jsheardl4@cmu.edu,Female,228.172.72.135,06/23/2019,953.7
762,Harmony,Bittlestone,hbittlestonel5@i2i.jp,Female,68.183.81.171,04/17/2019,933.87
763,Cameron,Eckh,ceckhl6@archive.org,Male,180.165.125.51,04/07/2019,366.93
764,Danice,Rogger,droggerl7@edublogs.org,Female,228.130.69.93,10/14/2019,807.67
765,Natassia,Gunter,ngunterl8@ted.com,Female,113.106.57.247,08/30/2019,924.85
766,Paolo,Caplin,pcaplinl9@marketwatch.com,Male,164.135.4.232,05/22/2019,723.1
767,Melodie,Cumbes,mcumbesla@twitter.com,Female,115.14.154.38,02/21/2019,768.05
768,Rudyard,Hartle,rhartlelb@mozilla.org,Male,120.16.45.17,06/17/2019,881.67
769,Urbain,Stickler,usticklerlc@weather.com,Male,146.8.201.225,03/11/2019,488.54
770,Prue,O'Leagham,poleaghamld@pbs.org,Female,91.47.58.244,12/16/2019,534.75
771,Otha,Ockendon,oockendonle@wunderground.com,Female,177.10.153.135,02/28/2019,315.9
772,Anatol,Pococke,apocockelf@msu.edu,Male,131.145.67.243,05/31/2019,772.02
773,Bobbee,Crickett,bcrickettlg@senate.gov,Female,95.193.182.85,02/28/2019,830.8
774,Elsbeth,Jacobowits,ejacobowitslh@t.co,Female,202.193.122.168,10/29/2019,431.02
775,Karyl,Emlyn,kemlynli@tinypic.com,Female,230.175.36.188,03/31/2019,570.88
776,Minni,Balnave,mbalnavelj@feedburner.com,Female,90.101.8.213,05/22/2019,355.45
777,Fransisco,Paton,fpatonlk@discovery.com,Male,189.197.179.2,05/08/2019,620.14
778,Arny,Beswell,abeswellll@dot.gov,Male,93.243.40.152,05/16/2019,586.02
779,Carling,Mehaffey,cmehaffeylm@marriott.com,Male,203.35.104.41,07/31/2019,682.06
780,Erskine,Mably,emablyln@over-blog.com,Male,126.166.107.170,03/16/2019,262.98
781,Alyson,Melior,ameliorlo@sitemeter.com,Female,235.5.96.80,12/19/2019,296.88
782,Hillary,Sirkett,hsirkettlp@bbb.org,Male,235.162.74.213,01/15/2020,891.15
783,Mersey,Kildea,mkildealq@umich.edu,Female,10.208.134.173,01/26/2019,481.72
784,Gianna,Tift,gtiftlr@nps.gov,Female,30.91.46.204,06/26/2019,459.7
785,Burt,Castanyer,bcastanyerls@slate.com,Male,48.158.199.41,04/01/2019,935.15
786,Graig,Ferronet,gferronetlt@trellian.com,Male,78.203.121.83,07/10/2019,916.0
787,Koo,Evason,kevasonlu@alibaba.com,Female,91.157.113.136,11/14/2019,439.82
788,Fania,Amori,famorilv@washingtonpost.com,Female,169.30.175.176,05/31/2019,272.88
789,Valentijn,Gusney,vgusneylw@constantcontact.com,Male,17.205.78.164,07/06/2019,518.18
790,Ned,Wiley,nwileylx@cdbaby.com,Male,195.155.251.12,02/06/2019,301.82
791,Bernette,Boshere,bbosherely@123-reg.co.uk,Female,152.5.88.205,12/27/2019,423.28
792,Sile,Trotton,strottonlz@photobucket.com,Female,240.195.67.119,02/05/2019,339.31
793,Alva,Gomersall,agomersallm0@ycombinator.com,Male,206.163.237.20,10/04/2019,761.7
794,Isaac,Southerns,isouthernsm1@msn.com,Male,113.216.157.213,08/05/2019,639.65
795,Chrissy,Sturman,csturmanm2@fc2.com,Female,99.230.12.180,07/11/2019,308.97
796,Guillermo,Marchington,gmarchingtonm3@prweb.com,Male,43.39.63.120,04/07/2019,549.83
797,Cob,McCulloch,cmccullochm4@utexas.edu,Male,225.195.162.44,01/10/2020,664.47
798,Gerick,Lindup,glindupm5@home.pl,Male,53.64.174.146,12/01/2019,517.8
799,Hillier,Eliassen,heliassenm6@ezinearticles.com,Male,170.144.70.22,12/04/2019,854.24
800,Sari,Fardell,sfardellm7@zimbio.com,Female,142.244.176.227,10/18/2019,281.25
801,Saleem,Boake,sboakem8@weibo.com,Male,214.3.238.24,12/02/2019,688.95
802,Early,Mattin,emattinm9@friendfeed.com,Male,133.106.70.32,08/16/2019,454.64
803,Cristal,Strewther,cstrewtherma@google.com.br,Female,128.176.76.132,09/23/2019,220.64
804,Lindy,Bellee,lbelleemb@vimeo.com,Female,25.41.217.115,04/24/2019,393.87
805,Demetrius,Millson,dmillsonmc@independent.co.uk,Male,245.110.26.103,05/20/2019,449.61
806,Nealon,Camelli,ncamellimd@a8.net,Male,215.254.223.9,09/01/2019,359.23
807,Doria,Cicetti,dcicettime@facebook.com,Female,192.98.213.165,04/01/2019,849.13
808,Allayne,Cotter,acottermf@miibeian.gov.cn,Male,93.63.116.157,11/03/2019,423.9
809,Xaviera,Denley,xdenleymg@prlog.org,Female,17.125.221.94,07/01/2019,547.51
810,Farlee,Martygin,fmartyginmh@photobucket.com,Male,49.136.78.168,06/18/2019,312.78
811,Dorothy,Astill,dastillmi@biblegateway.com,Female,249.242.110.84,06/08/2019,436.04
812,Yanaton,Lavallin,ylavallinmj@clickbank.net,Male,105.126.43.222,07/09/2019,211.41
813,Hadleigh,MacAlinden,hmacalindenmk@chron.com,Male,143.59.29.217,07/27/2019,971.79
814,Aksel,Boscher,aboscherml@quantcast.com,Male,114.200.73.27,09/23/2019,984.09
815,Wain,Codi,wcodimm@uiuc.edu,Male,241.134.85.56,10/02/2019,467.38
816,Lacee,Carlton,lcarltonmn@merriam-webster.com,Female,186.73.124.3,03/29/2019,920.47
817,Valentin,Duncklee,vdunckleemo@51.la,Male,216.184.77.142,07/21/2019,441.76
818,Auguste,Rolstone,arolstonemp@businessweek.com,Female,112.3.76.39,05/29/2019,682.73
819,Gale,McKechnie,gmckechniemq@blinklist.com,Female,180.127.66.35,08/01/2019,331.88
820,Emlyn,Kunrad,ekunradmr@mac.com,Male,66.237.204.167,01/23/2019,236.33
821,Adriane,Haskey,ahaskeyms@timesonline.co.uk,Female,247.6.140.17,11/07/2019,295.72
822,Emmalee,Bolan,ebolanmt@yahoo.co.jp,Female,144.169.112.111,09/16/2019,380.58
823,Rolando,Crosson,rcrossonmu@buzzfeed.com,Male,251.198.158.75,03/06/2019,756.26
824,Robin,Jemmison,rjemmisonmv@tiny.cc,Male,51.83.222.238,10/29/2019,206.51
825,Henryetta,Cometti,hcomettimw@bigcartel.com,Female,42.54.141.119,03/24/2019,457.56
826,Davie,Pirnie,dpirniemx@ifeng.com,Male,238.60.1.167,12/01/2019,248.75
827,Jacky,Wevell,jwevellmy@nih.gov,Female,159.252.108.77,06/15/2019,834.78
828,Darryl,Tow,dtowmz@drupal.org,Male,6.28.218.78,07/11/2019,494.11
829,Mateo,Whatling,mwhatlingn0@blogger.com,Male,138.77.86.54,11/14/2019,262.57
830,Sonnie,Crauford,scraufordn1@harvard.edu,Female,40.161.252.153,01/08/2020,849.8
831,Greta,Nozzolinii,gnozzoliniin2@mapquest.com,Female,240.242.54.78,01/11/2020,440.33
832,Agna,Shottin,ashottinn3@ebay.co.uk,Female,107.53.142.179,01/22/2019,936.27
833,Lane,Battista,lbattistan4@wired.com,Male,209.244.21.11,05/02/2019,771.85
834,Carey,Oneil,coneiln5@wix.com,Male,46.70.17.66,06/01/2019,249.74
835,Katrina,Punch,kpunchn6@a8.net,Female,135.54.0.177,07/22/2019,503.88
836,Kevina,Meuse,kmeusen7@wikispaces.com,Female,132.205.27.166,01/12/2020,385.72
837,Jasen,O'Hanlon,johanlonn8@shutterfly.com,Male,178.22.54.184,06/23/2019,729.7
838,Lexy,Backshill,lbackshilln9@twitter.com,Female,156.19.58.240,01/02/2020,702.99
839,Umberto,MacGoun,umacgounna@imageshack.us,Male,232.15.41.219,08/25/2019,671.34
840,Erena,Swanton,eswantonnb@tripod.com,Female,98.104.101.184,04/19/2019,863.55
841,Ellswerth,Postgate,epostgatenc@guardian.co.uk,Male,250.136.243.21,09/18/2019,628.13
842,Finn,Dwire,fdwirend@wired.com,Male,20.67.190.13,12/07/2019,539.97
843,Codie,Jenoure,cjenourene@ucsd.edu,Male,73.103.58.132,12/10/2019,670.92
844,Corine,Slucock,cslucocknf@hostgator.com,Female,173.219.205.197,06/20/2019,762.45
845,Jdavie,Drayn,jdraynng@g.co,Male,233.113.21.100,11/27/2019,765.73
846,Jonas,Cudbertson,jcudbertsonnh@symantec.com,Male,44.90.48.167,01/09/2020,303.97
847,Ryley,Hawkeridge,rhawkeridgeni@deliciousdays.com,Male,101.2.154.193,12/19/2019,559.11
848,Wilt,Prazer,wprazernj@clickbank.net,Male,96.253.75.200,03/20/2019,974.92
849,Tamas,Turle,tturlenk@bluehost.com,Male,49.18.117.25,09/11/2019,237.57
850,Russ,Eaglestone,reaglestonenl@addtoany.com,Male,39.146.146.197,06/01/2019,871.74
851,Brittani,Mosen,bmosennm@paginegialle.it,Female,6.24.63.87,03/17/2019,760.74
852,Gottfried,Hiscocks,ghiscocksnn@disqus.com,Male,210.226.84.109,09/05/2019,672.93
853,Kellby,Penner,kpennerno@rakuten.co.jp,Male,50.226.251.2,06/23/2019,472.96
854,Hersch,Fenix,hfenixnp@thetimes.co.uk,Male,97.100.235.77,09/27/2019,543.98
855,Walden,Athow,wathownq@lycos.com,Male,5.123.137.48,08/13/2019,379.66
856,Garrick,Siseland,gsiselandnr@census.gov,Male,179.236.5.185,10/22/2019,603.64
857,Cullan,Clowney,cclowneyns@pbs.org,Male,3.51.98.251,08/12/2019,589.56
858,Iormina,Colnett,icolnettnt@huffingtonpost.com,Female,251.182.45.211,06/27/2019,628.77
859,Nonah,Wither,nwithernu@nature.com,Female,141.8.2.230,06/21/2019,452.64
860,Rollin,Broadhead,rbroadheadnv@wisc.edu,Male,202.246.60.105,09/10/2019,639.83
861,Jehu,Perche,jperchenw@exblog.jp,Male,175.2.217.8,03/17/2019,586.39
862,Sallyanne,Kimble,skimblenx@artisteer.com,Female,40.25.24.253,04/08/2019,208.83
863,Madelin,Wheeler,mwheelerny@fotki.com,Female,100.155.146.26,10/18/2019,207.64
864,Darcy,Salle,dsallenz@addthis.com,Male,179.236.106.92,10/14/2019,868.95
865,Margie,Begbie,mbegbieo0@dot.gov,Female,129.23.237.240,06/01/2019,827.51
866,Ignaz,Capponer,icapponero1@oakley.com,Male,151.253.136.169,09/14/2019,668.42
867,Friedrick,Foggarty,ffoggartyo2@networkadvertising.org,Male,206.157.95.73,02/21/2019,451.09
868,Curran,Lindegard,clindegardo3@amazon.de,Male,225.223.11.167,12/09/2019,917.79
869,Catherin,Ridge,cridgeo4@vistaprint.com,Female,150.16.35.103,06/01/2019,309.81
870,Tuck,Hilbourne,thilbourneo5@cnet.com,Male,19.117.70.190,02/10/2019,217.58
871,Harriott,Surfleet,hsurfleeto6@cnet.com,Female,128.135.225.74,04/20/2019,874.34
872,Murdoch,Tremayne,mtremayneo7@chron.com,Male,165.1.44.219,07/24/2019,666.36
873,Kenton,Gerrens,kgerrenso8@nationalgeographic.com,Male,114.187.183.173,06/21/2019,792.29
874,Collen,Verring,cverringo9@mediafire.com,Female,16.235.100.125,03/01/2019,275.71
875,Nata,Ionn,nionnoa@illinois.edu,Female,230.144.96.182,08/16/2019,833.38
876,Vivyan,Andraud,vandraudob@fastcompany.com,Female,99.200.137.158,09/12/2019,327.77
877,Ephrem,Cramp,ecrampoc@mac.com,Male,82.142.104.75,07/07/2019,886.81
878,Lian,Pay,lpayod@tinyurl.com,Female,183.147.169.138,09/28/2019,517.25
879,Leslie,Tocher,ltocheroe@apple.com,Male,125.10.159.48,08/17/2019,649.66
880,Florinda,Cessford,fcessfordof@hostgator.com,Female,235.60.36.135,04/24/2019,338.57
881,Russell,Menel,rmenelog@cmu.edu,Male,100.60.53.105,10/05/2019,540.09
882,Beth,Tough,btoughoh@harvard.edu,Female,80.14.32.66,12/29/2019,663.7
883,Waldemar,Sindell,wsindelloi@seattletimes.com,Male,12.184.13.45,04/03/2019,773.11
884,Bailey,Lidington,blidingtonoj@istockphoto.com,Male,230.59.136.106,01/09/2020,900.34
885,Cedric,Pinniger,cpinnigerok@nymag.com,Male,74.225.246.184,01/16/2020,230.24
886,Van,Licquorish,vlicquorishol@163.com,Female,202.190.24.44,01/06/2020,318.97
887,Pall,Doward,pdowardom@sciencedaily.com,Male,176.161.100.229,06/14/2019,889.2
888,Lazar,Hauxwell,lhauxwellon@purevolume.com,Male,74.99.192.136,10/13/2019,367.67
889,Andie,Canter,acanteroo@msu.edu,Male,89.52.65.130,07/04/2019,528.81
890,Normy,Callingham,ncallinghamop@sun.com,Male,227.34.164.104,12/26/2019,615.62
891,Vivia,Libero,vliberooq@wired.com,Female,178.126.10.242,06/10/2019,378.81
892,Alene,Mar,amaror@ftc.gov,Female,121.8.125.157,05/26/2019,998.29
893,Dolf,Lindenman,dlindenmanos@nih.gov,Male,54.204.106.10,02/23/2019,456.31
894,Gertruda,Skym,gskymot@ftc.gov,Female,201.199.231.156,07/27/2019,325.62
895,Lina,Vaux,lvauxou@ameblo.jp,Female,224.12.116.138,01/01/2020,436.75
896,Goldarina,Toleman,gtolemanov@rambler.ru,Female,249.7.101.5,01/28/2019,718.43
897,Sinclair,Fairbrace,sfairbraceow@admin.ch,Male,250.63.227.48,06/01/2019,797.88
898,Aurthur,Redmire,aredmireox@homestead.com,Male,2.48.227.54,10/25/2019,756.38
899,Kaye,Falshaw,kfalshawoy@cloudflare.com,Female,105.68.152.207,09/22/2019,372.04
900,Brewster,Fatharly,bfatharlyoz@state.gov,Male,120.15.89.98,05/31/2019,274.5
901,Barde,Riddock,briddockp0@cyberchimps.com,Male,196.22.181.217,09/11/2019,202.66
902,Christoffer,Penhall,cpenhallp1@w3.org,Male,243.113.98.23,01/01/2020,675.03
903,Lira,Scully,lscullyp2@webs.com,Female,105.232.91.144,08/02/2019,225.4
904,Claudian,Mushet,cmushetp3@geocities.com,Male,140.102.143.22,09/27/2019,732.58
905,Constantino,Mewha,cmewhap4@amazon.de,Male,251.150.251.25,10/21/2019,743.34
906,Bonnee,Hubball,bhubballp5@myspace.com,Female,74.210.180.167,10/31/2019,429.89
907,Carroll,Rozalski,crozalskip6@bbc.co.uk,Male,17.42.201.198,01/31/2019,438.48
908,Fidelia,Tew,ftewp7@google.cn,Female,16.61.4.95,07/19/2019,928.4
909,Karry,Ivel,kivelp8@deviantart.com,Female,228.144.91.76,01/11/2020,922.41
910,Danit,Eary,dearyp9@ted.com,Female,220.6.179.49,09/02/2019,725.27
911,Lowell,Paule,lpaulepa@cnn.com,Male,200.195.250.189,07/24/2019,340.32
912,Vina,Nethercott,vnethercottpb@wsj.com,Female,167.151.136.247,08/23/2019,507.37
913,Kip,Fosten,kfostenpc@4shared.com,Male,212.180.237.139,08/06/2019,912.35
914,Trina,Vescovo,tvescovopd@nature.com,Female,13.54.170.89,09/28/2019,751.85
915,Bank,Rutigliano,brutiglianope@rambler.ru,Male,171.1.193.134,11/24/2019,306.45
916,Georgeta,Petrollo,gpetrollopf@netvibes.com,Female,106.50.149.203,06/05/2019,869.76
917,Giorgi,Steggals,gsteggalspg@theguardian.com,Male,103.94.230.207,05/29/2019,937.65
918,Daven,Swinfen,dswinfenph@patch.com,Male,134.112.8.133,07/09/2019,281.44
919,Diane,Simoneschi,dsimoneschipi@redcross.org,Female,246.51.84.7,01/16/2020,953.7
920,Kathleen,Westhofer,kwesthoferpj@yelp.com,Female,225.55.24.71,08/17/2019,325.29
921,Les,Goldring,lgoldringpk@addthis.com,Male,164.128.184.43,08/04/2019,473.66
922,Marji,Gillise,mgillisepl@google.ca,Female,201.188.216.209,05/11/2019,761.84
923,Gary,Rable,grablepm@liveinternet.ru,Male,172.76.223.236,04/25/2019,827.59
924,Emmett,Uttridge,euttridgepn@hexun.com,Male,162.209.29.17,07/24/2019,259.54
925,Emlynn,O'Sirin,eosirinpo@mashable.com,Female,10.88.110.155,01/30/2019,380.28
926,Rodrigo,Bohlens,rbohlenspp@irs.gov,Male,230.173.188.191,10/14/2019,981.11
927,Gussie,Jacob,gjacobpq@state.gov,Female,18.180.28.127,01/17/2020,621.85
928,Rosaleen,Grout,rgroutpr@uol.com.br,Female,183.80.24.44,12/22/2019,235.33
929,Sarita,Duesbury,sduesburyps@hexun.com,Female,144.240.135.132,03/31/2019,219.48
930,Reilly,Ling,rlingpt@photobucket.com,Male,239.227.125.138,09/21/2019,682.2
931,Hobart,Corbin,hcorbinpu@usa.gov,Male,43.30.104.117,11/01/2019,483.66
932,Giovanna,Duncan,gduncanpv@loc.gov,Female,22.228.109.226,04/29/2019,257.76
933,Jackson,Eastope,jeastopepw@tripod.com,Male,1.91.240.50,04/08/2019,569.94
934,Archambault,Dudman,adudmanpx@mtv.com,Male,142.70.27.11,10/23/2019,313.64
935,Anatollo,Ducket,aducketpy@irs.gov,Male,239.77.232.95,07/14/2019,205.9
936,Geri,Whatsize,gwhatsizepz@fc2.com,Female,188.94.178.189,09/11/2019,988.56
937,Rudyard,Ragbourn,rragbournq0@oracle.com,Male,122.92.116.235,10/31/2019,960.59
938,Aprilette,Burgot,aburgotq1@hibu.com,Female,202.254.124.141,12/16/2019,686.91
939,Corbin,Stocking,cstockingq2@seattletimes.com,Male,250.183.224.89,12/30/2019,687.69
940,Kirby,Pippin,kpippinq3@indiatimes.com,Female,192.59.197.189,05/18/2019,353.41
941,Electra,Edmondson,eedmondsonq4@yahoo.co.jp,Female,3.208.149.175,01/20/2019,283.94
942,Kent,Aire,kaireq5@google.ca,Male,95.88.237.245,06/05/2019,211.61
943,Montague,Giraudy,mgiraudyq6@howstuffworks.com,Male,209.176.0.225,01/09/2020,710.8
944,Leodora,Pogosian,lpogosianq7@yolasite.com,Female,3.227.89.218,05/22/2019,439.86
945,Birch,Pampling,bpamplingq8@prlog.org,Male,128.80.224.180,03/15/2019,458.26
946,Phillie,Fratczak,pfratczakq9@alibaba.com,Female,192.79.98.201,07/17/2019,727.63
947,Devin,Whifen,dwhifenqa@xinhuanet.com,Male,139.93.34.88,12/03/2019,476.04
948,Emelen,Gilli,egilliqb@skype.com,Male,208.97.58.32,12/17/2019,968.86
949,Collete,Carleton,ccarletonqc@yahoo.co.jp,Female,243.77.201.253,05/10/2019,629.36
950,Pepi,MacCracken,pmaccrackenqd@noaa.gov,Female,213.171.69.213,10/13/2019,742.97
951,Paddy,Metherell,pmetherellqe@nyu.edu,Male,189.180.95.248,02/27/2019,264.08
952,Ammamaria,Simnett,asimnettqf@businessinsider.com,Female,42.12.248.239,01/17/2020,580.38
953,Nelia,Brecknock,nbrecknockqg@squarespace.com,Female,175.167.44.178,12/18/2019,360.5
954,Claudine,Godon,cgodonqh@smh.com.au,Female,33.46.81.229,07/18/2019,491.71
955,Gabrielle,Rosenzwig,grosenzwigqi@godaddy.com,Female,113.242.34.173,01/16/2020,638.82
956,Eliza,Wilacot,ewilacotqj@uol.com.br,Female,16.136.145.180,10/14/2019,262.4
957,Law,Bagwell,lbagwellqk@ow.ly,Male,149.19.233.191,02/20/2019,610.11
958,Gratia,Selvey,gselveyql@google.co.uk,Female,49.142.155.71,02/09/2019,788.77
959,Dorena,Dietmar,ddietmarqm@mozilla.org,Female,153.82.88.226,09/06/2019,790.77
960,Joan,Sweynson,jsweynsonqn@wunderground.com,Female,58.84.234.220,11/13/2019,859.97
961,Arnie,Rothermel,arothermelqo@auda.org.au,Male,230.188.73.123,09/24/2019,921.98
962,Town,Timoney,ttimoneyqp@toplist.cz,Male,107.171.88.203,10/07/2019,473.26
963,Othello,Pail,opailqq@wikimedia.org,Male,78.255.235.197,11/07/2019,424.3
964,Elita,Teliga,eteligaqr@ehow.com,Female,196.166.43.206,08/24/2019,236.46
965,Lorraine,Yapp,lyappqs@vimeo.com,Female,93.187.151.190,08/29/2019,594.51
966,Laney,Mitchener,lmitchenerqt@businesswire.com,Female,186.97.233.235,04/11/2019,390.25
967,Willow,Blake,wblakequ@tripadvisor.com,Female,46.116.210.57,04/18/2019,978.23
968,Marta,O'Hartigan,mohartiganqv@ucoz.com,Female,71.119.225.22,09/26/2019,418.45
969,Kandace,Matuszak,kmatuszakqw@msu.edu,Female,16.239.172.166,02/24/2019,366.85
970,Sumner,McAvin,smcavinqx@google.co.jp,Male,119.23.219.171,05/18/2019,205.25
971,Ivy,Sindall,isindallqy@census.gov,Female,59.26.90.71,02/22/2019,200.67
972,Robinet,Barajas,rbarajasqz@house.gov,Male,201.73.208.22,02/02/2019,316.66
973,Maire,O'Henery,moheneryr0@spotify.com,Female,183.244.20.150,06/21/2019,586.82
974,Walker,Tremlett,wtremlettr1@elpais.com,Male,182.119.239.216,01/26/2019,382.95
975,Teodora,Ellerman,tellermanr2@prweb.com,Female,127.81.161.111,01/10/2020,604.92
976,Tonia,Gossop,tgossopr3@symantec.com,Female,162.114.84.66,05/14/2019,341.9
977,Andras,Dumblton,adumbltonr4@ustream.tv,Male,51.102.8.74,11/08/2019,454.99
978,Laurence,Hardington,lhardingtonr5@t-online.de,Male,255.100.17.53,06/15/2019,603.29
979,Lira,Heymann,lheymannr6@epa.gov,Female,72.61.69.68,03/31/2019,663.52
980,Rozina,Grenshields,rgrenshieldsr7@gnu.org,Female,122.116.227.139,03/12/2019,546.54
981,Zondra,Byrcher,zbyrcherr8@domainmarket.com,Female,253.91.243.213,12/15/2019,833.26
982,Anneliese,Ridler,aridlerr9@businessinsider.com,Female,199.178.196.218,04/05/2019,297.25
983,Bord,Barenskie,bbarenskiera@discovery.com,Male,78.253.67.34,05/21/2019,293.68
984,Demeter,Smithson,dsmithsonrb@china.com.cn,Female,15.32.133.71,05/22/2019,591.49
985,Skylar,Mirralls,smirrallsrc@topsy.com,Male,252.205.122.128,02/27/2019,564.33
986,Knox,Cannell,kcannellrd@paginegialle.it,Male,119.119.16.98,09/12/2019,343.51
987,Waite,Crum,wcrumre@columbia.edu,Male,54.149.104.184,12/05/2019,923.01
988,Nancie,Stare,nstarerf@goo.gl,Female,243.120.255.78,04/08/2019,261.51
989,Iosep,Luetkemeyer,iluetkemeyerrg@over-blog.com,Male,172.70.217.142,06/09/2019,423.32
990,Donavon,Tubbles,dtubblesrh@imageshack.us,Male,22.125.56.203,03/16/2019,440.47
991,Domeniga,Gimbrett,dgimbrettri@discuz.net,Female,129.213.93.255,08/27/2019,611.43
992,Wallie,Daniels,wdanielsrj@t-online.de,Male,36.75.144.59,06/25/2019,977.1
993,Sephira,Yewdale,syewdalerk@elegantthemes.com,Female,193.94.181.245,05/05/2019,282.21
994,Netti,Stoop,nstooprl@yellowpages.com,Female,236.3.33.107,06/20/2019,914.4
995,Stacee,Merrikin,smerrikinrm@psu.edu,Female,130.155.145.16,12/01/2019,281.53
996,Klement,Foulgham,kfoulghamrn@weibo.com,Male,45.218.115.72,03/30/2019,699.83
997,Allie,Demeza,ademezaro@ycombinator.com,Female,255.13.102.66,04/14/2019,244.1
998,Brigitte,Kopf,bkopfrp@yolasite.com,Female,130.99.144.203,03/11/2019,566.34
999,Arel,Lagne,alagnerq@fema.gov,Male,177.13.122.42,12/20/2019,340.62
1000,Beltran,Gosland,bgoslandrr@xrea.com,Male,58.186.237.148,03/10/2019,351.95
