id,first_name,last_name,email,state_id,department_id,salary
1,Early,Mouatt,emouatt0@yellowpages.com,12,,
2,Hyatt,Shambroke,hshambroke1@sohu.com,38,1,15063
3,Ferrell,Yerborn,fyerborn2@artisteer.com,31,3,14913
4,Lillis,Lavielle,llavielle3@vimeo.com,40,4,20591
5,Olwen,Parncutt,oparncutt4@google.co.uk,,,
6,Liv,Feore,lfeore5@xing.com,,,
7,Eamon,Sandeson,esandeson6@usda.gov,6,,
8,Amie,Shiers,ashiers7@blinklist.com,15,,
9,Natalie,Nother,nnother8@trellian.com,3,1,9209
10,Jade,Wood,jwood9@google.com,8,3,10747
11,Charity,Klees,ckleesa@vinaora.com,,,
12,Patsy,Louche,ploucheb@miitbeian.gov.cn,37,8,11553
13,Novelia,Lethbridge,nlethbridgec@ucoz.com,22,5,16989
14,Cornall,Camilleri,ccamillerid@yahoo.co.jp,18,4,9309
15,Bobine,Sellner,bsellnere@eepurl.com,38,1,13472
16,Berny,Kier,bkierf@flavors.me,5,,
17,Tanhya,Ithell,tithellg@tripadvisor.com,2,,
18,Minna,Selburn,mselburnh@ifeng.com,25,5,20626
19,Andee,Hawkwood,ahawkwoodi@chron.com,,9,15949
20,Seline,Rantoull,srantoullj@deviantart.com,,,
21,Eleni,Pearce,epearcek@stanford.edu,36,2,19604
22,Celinka,Asplin,casplinl@amazonaws.com,15,5,8463
23,Danell,Matuszynski,dmatuszynskim@intel.com,23,2,21863
24,Irena,Dyble,idyblen@xing.com,,,
25,Stillman,Lathbury,slathburyo@upenn.edu,4,,
26,Saunders,Simnett,ssimnettp@mayoclinic.com,,,
27,Blayne,Whiteford,bwhitefordq@so-net.ne.jp,16,1,21715
28,Nananne,Perocci,nperoccir@wordpress.org,8,6,12909
29,Kelbee,Bernini,kberninis@opensource.org,8,7,9850
30,Kean,Fidge,kfidget@msn.com,21,7,19824
31,Gerta,Pandya,gpandyau@blogtalkradio.com,16,,
32,Eldredge,Boome,eboomev@epa.gov,,,
33,Yvor,Piatto,ypiattow@about.com,2,5,20907
34,Brig,Wellstead,bwellsteadx@wikia.com,40,5,20947
35,Blondell,Bisp,bbispy@nytimes.com,19,2,14113
36,Rey,Pounsett,rpounsettz@scientificamerican.com,2,10,11584
37,Babita,Rubinlicht,brubinlicht10@home.pl,25,5,14399
38,Burty,Binge,bbinge11@flavors.me,9,10,15028
39,Fina,Bruna,fbruna12@zdnet.com,27,10,9350
40,Wilhelmine,Castanaga,wcastanaga13@wufoo.com,17,4,21716
41,Dorothea,Pickworth,dpickworth14@samsung.com,,,
42,Derrik,Sperry,dsperry15@scientificamerican.com,,9,22820
43,Myrle,Cardenosa,mcardenosa16@oracle.com,,10,13363
44,Randa,Splevings,rsplevings17@dailymotion.com,17,3,16361
45,Jessey,McGeraghty,jmcgeraghty18@about.com,,10,10216
46,Adrianna,Riddoch,ariddoch19@house.gov,,,
47,Oliver,Gerler,ogerler1a@bbc.co.uk,,,
48,Hyacinthia,Goodison,hgoodison1b@opera.com,34,9,13550
49,Wiley,Chittleburgh,wchittleburgh1c@sakura.ne.jp,1,8,23625
50,Allene,Antonopoulos,aantonopoulos1d@biglobe.ne.jp,1,8,9854
51,Myrta,Langhorne,mlanghorne1e@google.pl,40,2,7748
52,Rodney,Coulbeck,rcoulbeck1f@umich.edu,30,8,15911
53,Bertie,Demeter,bdemeter1g@google.ca,1,4,23859
54,Bidget,Pluck,bpluck1h@amazonaws.com,,,
55,Carlin,MacMaykin,cmacmaykin1i@hexun.com,13,3,12457
56,Ginny,Shellshear,gshellshear1j@github.com,8,,
57,Nissa,Kinch,nkinch1k@google.fr,,,
58,Findley,Lacheze,flacheze1l@wikispaces.com,25,8,11270
59,Sandro,Mulberry,smulberry1m@go.com,11,9,19632
60,Patricio,Stockings,pstockings1n@un.org,19,,
61,Dynah,Stamps,dstamps1o@zdnet.com,15,2,18018
62,Udall,Polk,upolk1p@twitpic.com,39,8,11009
63,Angela,Kocher,akocher1q@wikia.com,6,3,10669
64,Malorie,Rowley,mrowley1r@behance.net,,9,18360
65,Putnem,Lawn,plawn1s@comsenz.com,38,6,20565
66,Maureen,Storch,mstorch1t@irs.gov,,,
67,Leelah,Petigrew,lpetigrew1u@oaic.gov.au,17,5,8983
68,Zackariah,Dudden,zdudden1v@mail.ru,26,9,20546
69,Cammy,Jansema,cjansema1w@trellian.com,16,,
70,Talia,Falkinder,tfalkinder1x@typepad.com,13,2,23140
71,Kelci,Seviour,kseviour1y@kickstarter.com,24,7,24765
72,Trude,Latty,tlatty1z@t-online.de,29,9,22225
73,Rich,Earnshaw,rearnshaw20@ow.ly,17,,
74,Cathi,Yeude,cyeude21@prlog.org,,10,15738
75,Drew,Seamons,dseamons22@npr.org,,,
76,Lothario,Lambrook,llambrook23@bbc.co.uk,,9,14586
77,Rochette,McTrustey,rmctrustey24@free.fr,6,3,23387
78,Amara,Gianelli,agianelli25@lycos.com,33,4,12640
79,Indira,Thackeray,ithackeray26@clickbank.net,39,10,20756
80,Keslie,Morsey,kmorsey27@naver.com,30,9,10483
81,Modestia,Hansemann,mhansemann28@prlog.org,,,
82,Tess,Boydon,tboydon29@blogger.com,11,5,12566
83,Daffie,Waiting,dwaiting2a@freewebs.com,31,2,22201
84,Babb,Masterson,bmasterson2b@vinaora.com,,3,19731
85,Anderson,Start,astart2c@lycos.com,9,3,20011
86,Ruth,Fallawe,rfallawe2d@cbslocal.com,33,,
87,Reena,Smittoune,rsmittoune2e@quantcast.com,17,4,18021
88,Garret,Starkings,gstarkings2f@mysql.com,19,8,16791
89,Hamel,Holdforth,hholdforth2g@free.fr,,5,18851
90,Jeno,Marflitt,jmarflitt2h@vistaprint.com,,,
91,Franchot,Deekes,fdeekes2i@1und1.de,5,,
92,Wesley,Gayforth,wgayforth2j@nbcnews.com,21,2,14802
93,Izak,Sheerman,isheerman2k@utexas.edu,40,3,11327
94,Analiese,Hanhart,ahanhart2l@ucoz.ru,13,3,23246
95,Skell,Doeg,sdoeg2m@house.gov,30,7,8855
96,Giacomo,Humphrys,ghumphrys2n@walmart.com,31,3,8097
97,Berty,Stickney,bstickney2o@oakley.com,35,10,13588
98,Sharona,Greally,sgreally2p@list-manage.com,33,1,15388
99,Rosabelle,Noulton,rnoulton2q@google.pl,,7,15029
100,Cordelia,Valder,cvalder2r@arizona.edu,32,,
101,Toma,Cuerdall,tcuerdall2s@cpanel.net,14,,
102,Simonette,Lockey,slockey2t@studiopress.com,8,5,21647
103,Maurise,Covely,mcovely2u@facebook.com,2,9,13828
104,Benyamin,Furminger,bfurminger2v@oracle.com,12,4,12064
105,Burke,Carnachen,bcarnachen2w@yelp.com,2,8,8804
106,Verney,Omond,vomond2x@jiathis.com,,7,21092
107,Lulu,Troup,ltroup2y@ed.gov,27,,
108,Dunc,McMichell,dmcmichell2z@imgur.com,33,1,15499
109,Redford,Kedward,rkedward30@bloglines.com,33,5,17923
110,Xenia,Gavini,xgavini31@goo.gl,,,
111,Hall,Nickoles,hnickoles32@woothemes.com,22,10,15082
112,Lukas,Gregine,lgregine33@blogs.com,34,10,23071
113,Jessamine,Orbine,jorbine34@goo.gl,37,7,19858
114,Chadd,Seden,cseden35@theglobeandmail.com,,8,10938
115,Allister,Klimov,aklimov36@php.net,28,,
116,Jackquelin,Scotfurth,jscotfurth37@g.co,28,2,14727
117,Cori,Oris,coris38@ustream.tv,15,5,23724
118,Zaccaria,Maletratt,zmaletratt39@zimbio.com,4,2,20571
119,Delcine,Mattea,dmattea3a@google.co.uk,31,7,13766
120,Madlin,Aldington,maldington3b@sourceforge.net,20,6,22264
121,Jody,Holyland,jholyland3c@360.cn,27,6,20220
122,Page,McLugish,pmclugish3d@drupal.org,23,5,11219
123,Zita,Loveredge,zloveredge3e@desdev.cn,6,8,15298
124,Nonnah,Stamper,nstamper3f@phoca.cz,,3,22165
125,Enrica,Elcoate,eelcoate3g@dell.com,23,,
126,Evonne,Gingles,egingles3h@geocities.com,15,6,23912
127,Shannon,Castree,scastree3i@trellian.com,,,
128,Hans,Myner,hmyner3j@google.fr,22,9,17213
129,Cordie,Evenden,cevenden3k@lulu.com,2,8,12345
130,Cinderella,Geistbeck,cgeistbeck3l@slashdot.org,,6,15375
131,Aubert,Bartlet,abartlet3m@wikia.com,11,,
132,Arch,McIlroy,amcilroy3n@usatoday.com,27,1,21460
133,Leanor,Bunner,lbunner3o@salon.com,2,9,24782
134,Igor,O' Mara,iomara3p@xinhuanet.com,36,2,19645
135,Winona,Lawey,wlawey3q@ted.com,23,1,13784
136,Neill,Barus,nbarus3r@cnn.com,23,,
137,Carmine,Skewes,cskewes3s@ning.com,,9,23447
138,Hal,Corradetti,hcorradetti3t@phoca.cz,29,8,8141
139,Clark,Aven,caven3u@free.fr,36,1,23292
140,Ignatius,Brehaut,ibrehaut3v@flickr.com,,4,9173
141,Geno,Petrolli,gpetrolli3w@arstechnica.com,23,,
142,Jemimah,Havis,jhavis3x@newsvine.com,,,
143,Truman,Endecott,tendecott3y@bbc.co.uk,2,,
144,Arnie,Rutter,arutter3z@blog.com,8,1,11485
145,Renault,Tantrum,rtantrum40@nytimes.com,,3,18277
146,Beck,Duligall,bduligall41@google.pl,36,,
147,Adair,Pitherick,apitherick42@github.io,37,8,16224
148,Tome,Probert,tprobert43@reference.com,10,1,20215
149,Talbert,Coghlan,tcoghlan44@imdb.com,16,7,21222
150,Katina,Holde,kholde45@ebay.com,11,,
151,Elsworth,Colliard,ecolliard46@omniture.com,10,,
152,Dex,Easlea,deaslea47@delicious.com,,,
153,Kane,Bento,kbento48@themeforest.net,,7,24967
154,Mattie,Samms,msamms49@marketwatch.com,13,,
155,Dougy,Bore,dbore4a@feedburner.com,30,,
156,Nixie,Synan,nsynan4b@hugedomains.com,22,5,24383
157,Druci,Chesson,dchesson4c@163.com,5,4,7592
158,Launce,Tuftin,ltuftin4d@prlog.org,20,3,24385
159,Jesse,Kassidy,jkassidy4e@cnbc.com,,7,23742
160,Tiebout,Pollock,tpollock4f@patch.com,7,,
161,Raymond,Poytheras,rpoytheras4g@icq.com,,7,16515
162,Melisande,Eveleigh,meveleigh4h@flavors.me,15,,
163,Rooney,Beavan,rbeavan4i@ed.gov,30,,
164,Arlen,Chaman,achaman4j@tripod.com,11,4,9576
165,Feliks,Genn,fgenn4k@constantcontact.com,24,2,18948
166,Walker,Lowell,wlowell4l@newsvine.com,3,6,21099
167,Milli,Courtier,mcourtier4m@chron.com,3,10,13489
168,Amye,Gayler,agayler4n@ehow.com,16,10,14351
169,Barthel,Manthorpe,bmanthorpe4o@facebook.com,15,3,22569
170,Maximilian,O'Hallihane,mohallihane4p@imageshack.us,23,4,22707
171,Del,Meredyth,dmeredyth4q@un.org,,1,24831
172,Finn,Ledwitch,fledwitch4r@nasa.gov,1,8,16045
173,Geraldine,Pandya,gpandya4s@state.tx.us,,,
174,Saxe,Garn,sgarn4t@mit.edu,33,,
175,Bordie,Maber,bmaber4u@washington.edu,22,8,17939
176,Lottie,Grisbrook,lgrisbrook4v@taobao.com,9,3,9240
177,Johnnie,Roxburch,jroxburch4w@opensource.org,29,9,23719
178,Gretel,Cowland,gcowland4x@auda.org.au,18,7,10584
179,Guillema,Bowser,gbowser4y@va.gov,6,10,23229
180,Shelton,Aisthorpe,saisthorpe4z@theatlantic.com,10,8,8868
181,Gustie,Seedull,gseedull50@zdnet.com,35,10,19681
182,Franciskus,Mattholie,fmattholie51@delicious.com,,10,20913
183,Willard,Desvignes,wdesvignes52@webeden.co.uk,39,9,12435
184,Berty,Toopin,btoopin53@shutterfly.com,,5,20930
185,Nady,O'Sherrin,nosherrin54@a8.net,20,,
186,Eimile,Vynehall,evynehall55@linkedin.com,33,7,22022
187,Jewelle,Ryce,jryce56@weather.com,34,,
188,Idette,Edwicker,iedwicker57@aboutads.info,,10,23237
189,Georgia,Jedrzejewsky,gjedrzejewsky58@abc.net.au,7,1,18895
190,Ethyl,Benoey,ebenoey59@dropbox.com,7,10,15897
191,Fawnia,Shelly,fshelly5a@google.com,8,8,10607
192,Arvy,Johannes,ajohannes5b@51.la,,6,19673
193,Jamaal,Danat,jdanat5c@acquirethisname.com,40,2,13012
194,Alana,Van der Brug,avanderbrug5d@bluehost.com,,4,12840
195,Mohandis,Timlett,mtimlett5e@bloglines.com,34,4,22746
196,Lyda,McGiffin,lmcgiffin5f@unblog.fr,39,7,21107
197,Zelig,Pluthero,zpluthero5g@nbcnews.com,29,8,24417
198,Moe,Bourgaize,mbourgaize5h@hud.gov,21,10,17709
199,Foster,Jerschke,fjerschke5i@nifty.com,,10,17622
200,Augusto,Upward,aupward5j@over-blog.com,7,,
201,Manolo,O'Lunney,molunney5k@naver.com,,,
202,Kirsti,Giannazzi,kgiannazzi5l@mapy.cz,3,8,9872
203,Zabrina,Stennine,zstennine5m@nymag.com,22,,
204,Silva,Sigart,ssigart5n@mapy.cz,2,10,12494
205,Electra,Mitford,emitford5o@wikipedia.org,33,7,22957
206,Ronnie,Jessard,rjessard5p@unesco.org,2,4,18117
207,Melony,Tales,mtales5q@xrea.com,,,
208,Audra,Mulqueeny,amulqueeny5r@walmart.com,24,2,16928
209,Fenelia,Pynn,fpynn5s@goodreads.com,,,
210,Ruthie,Garnson,rgarnson5t@unc.edu,22,8,19599
211,Fae,Gilbertson,fgilbertson5u@seesaa.net,,,
212,Prince,Diviney,pdiviney5v@spotify.com,23,,
213,Zebulon,Greenslade,zgreenslade5w@typepad.com,15,2,21111
214,Sydney,Sorley,ssorley5x@theglobeandmail.com,34,10,15650
215,Byrle,Ferenczy,bferenczy5y@lycos.com,11,6,11968
216,Kristina,Skarman,kskarman5z@tamu.edu,10,3,18777
217,Malissa,Semerad,msemerad60@google.es,33,7,20938
218,Clint,Vigors,cvigors61@statcounter.com,36,3,24440
219,Rosemarie,Sivior,rsivior62@smugmug.com,,1,17336
220,Reina,Hordle,rhordle63@fastcompany.com,6,2,8919
221,Vinita,Speek,vspeek64@ed.gov,,,
222,Donna,Mouat,dmouat65@mapy.cz,,6,9647
223,Burg,McGerraghty,bmcgerraghty66@umich.edu,22,,
224,Chantalle,Tournay,ctournay67@mlb.com,29,6,21497
225,Otes,Bentote,obentote68@about.com,24,10,16997
226,Letta,Larham,llarham69@theglobeandmail.com,40,10,14822
227,Nappy,Rulf,nrulf6a@dot.gov,6,5,23930
228,Chery,Cottu,ccottu6b@spotify.com,7,7,23586
229,Barty,Penswick,bpenswick6c@unblog.fr,40,,
230,Ronalda,Markus,rmarkus6d@weibo.com,2,4,14354
231,Max,Barsby,mbarsby6e@infoseek.co.jp,4,,
232,Virgie,Hune,vhune6f@patch.com,16,,
233,Bat,Rupert,brupert6g@alibaba.com,18,9,9515
234,Selma,Povele,spovele6h@sfgate.com,23,9,24587
235,Oralie,Dedon,odedon6i@epa.gov,15,8,20588
236,Hayyim,Kilcullen,hkilcullen6j@china.com.cn,,,
237,Patric,Gillhespy,pgillhespy6k@t.co,5,3,19481
238,Max,Oxford,moxford6l@cnn.com,17,7,23683
239,Quintina,Nials,qnials6m@springer.com,9,10,16804
240,Janeta,Barense,jbarense6n@ox.ac.uk,2,,
241,Abra,Severy,asevery6o@hhs.gov,11,8,15667
242,Sadye,Yann,syann6p@nsw.gov.au,8,1,21690
243,Fred,Deabill,fdeabill6q@studiopress.com,23,5,23468
244,Elinore,Beake,ebeake6r@addtoany.com,,,
245,Gregorius,Farnon,gfarnon6s@symantec.com,,9,17216
246,Thorstein,Organ,torgan6t@zdnet.com,10,7,11316
247,Sara,Brezlaw,sbrezlaw6u@auda.org.au,3,4,11671
248,Jannel,Kensall,jkensall6v@qq.com,,10,15636
249,Georgie,Brett,gbrett6w@scribd.com,32,8,12784
250,Marena,Bygrove,mbygrove6x@house.gov,7,9,7773
251,Inger,Applegarth,iapplegarth6y@imgur.com,9,10,12271
252,Tamarah,Zamora,tzamora6z@umich.edu,,8,19917
253,Lane,Ackeroyd,lackeroyd70@unicef.org,25,3,7937
254,Jo-ann,Poznanski,jpoznanski71@jalbum.net,,,
255,Ailey,Oubridge,aoubridge72@creativecommons.org,36,4,10322
256,Dannye,Wolfendell,dwolfendell73@reverbnation.com,13,,
257,Remington,Hanny,rhanny74@psu.edu,25,8,17364
258,Mariann,Bernardeschi,mbernardeschi75@zdnet.com,,9,17693
259,Waverly,Donaher,wdonaher76@unc.edu,34,,
260,Michel,Monck,mmonck77@meetup.com,19,4,20825
261,Finn,Cabedo,fcabedo78@biglobe.ne.jp,,6,12483
262,Helenka,Ovett,hovett79@reverbnation.com,,8,21044
263,Marja,Carbry,mcarbry7a@sphinn.com,34,10,15246
264,Lind,MacDavitt,lmacdavitt7b@domainmarket.com,,2,24277
265,Zachary,Gentiry,zgentiry7c@baidu.com,,2,10821
266,Henrik,Whewill,hwhewill7d@bloomberg.com,35,7,21572
267,Adolf,Buchan,abuchan7e@artisteer.com,,10,13355
268,Benedikta,Giacobbo,bgiacobbo7f@arizona.edu,15,8,7064
269,Phillida,Greenless,pgreenless7g@independent.co.uk,15,9,9487
270,Carmela,Schooling,cschooling7h@google.com.hk,,3,13325
271,Cthrine,Pagel,cpagel7i@chronoengine.com,36,10,8653
272,Saw,De Hooge,sdehooge7j@furl.net,18,7,19715
273,Sophey,Sibyllina,ssibyllina7k@i2i.jp,16,5,11477
274,Monica,Goudman,mgoudman7l@linkedin.com,17,10,20117
275,Mickey,Gilchrist,mgilchrist7m@npr.org,4,,
276,Row,Yve,ryve7n@livejournal.com,32,,
277,Lani,Burkwood,lburkwood7o@a8.net,15,4,11361
278,Waiter,Winspeare,wwinspeare7p@nationalgeographic.com,9,5,23673
279,Pennie,Glanville,pglanville7q@com.com,13,4,10394
280,Engracia,Hrishchenko,ehrishchenko7r@usatoday.com,27,10,8013
281,Estella,Chilver,echilver7s@springer.com,,5,10749
282,Rance,Purple,rpurple7t@theatlantic.com,,7,20485
283,Pacorro,Palombi,ppalombi7u@google.co.uk,18,,
284,Mathias,Doig,mdoig7v@360.cn,21,,
285,Penni,Traher,ptraher7w@msu.edu,,,
286,Corby,Dodsley,cdodsley7x@cisco.com,35,6,15208
287,Rowland,Dinesen,rdinesen7y@newsvine.com,39,,
288,Linnie,Guslon,lguslon7z@scientificamerican.com,24,4,12096
289,Gilbertina,Valentin,gvalentin80@jugem.jp,36,1,7965
290,Janifer,Housley,jhousley81@state.tx.us,37,9,17964
291,Willey,Fitzsymon,wfitzsymon82@google.ca,31,,
292,Ayn,Seson,aseson83@blogs.com,25,8,9757
293,Shina,Coonan,scoonan84@economist.com,38,4,19896
294,Robena,Machans,rmachans85@hud.gov,,9,13600
295,Frederica,Tynan,ftynan86@naver.com,4,4,20055
296,Dody,Breton,dbreton87@huffingtonpost.com,,,
297,Kerrill,Potier,kpotier88@ca.gov,,,
298,Thaddeus,Geistmann,tgeistmann89@ycombinator.com,,6,7463
299,Freddy,Awin,fawin8a@e-recht24.de,6,5,17245
300,Nicolette,Rolfo,nrolfo8b@stumbleupon.com,32,9,24741
301,Drucy,Batting,dbatting8c@who.int,4,,
302,Christyna,Carik,ccarik8d@bandcamp.com,21,7,9296
303,Dorena,Kolinsky,dkolinsky8e@fastcompany.com,5,,
304,Kylen,Shiel,kshiel8f@scientificamerican.com,39,1,18687
305,Lillian,Filisov,lfilisov8g@slate.com,,3,18887
306,Vernor,Petrolli,vpetrolli8h@va.gov,,5,20049
307,Izzy,Cannon,icannon8i@illinois.edu,28,,
308,Hurleigh,Genever,hgenever8j@ebay.co.uk,,6,21536
309,Shawn,McAuliffe,smcauliffe8k@chron.com,26,,
310,Justina,Stygall,jstygall8l@diigo.com,19,7,7369
311,Randal,Sesser,rsesser8m@shop-pro.jp,38,5,18929
312,Cynthia,Georgeou,cgeorgeou8n@taobao.com,5,8,9973
313,Hubert,Eveling,heveling8o@smh.com.au,34,4,19951
314,Gael,Souness,gsouness8p@archive.org,20,2,17043
315,Buckie,Planke,bplanke8q@blogspot.com,19,3,9747
316,Sheila-kathryn,Brickwood,sbrickwood8r@topsy.com,25,6,15689
317,Meryl,Lambertini,mlambertini8s@a8.net,,,
318,Jareb,Lawlan,jlawlan8t@opensource.org,27,1,11058
319,Charmaine,Pocklington,cpocklington8u@comsenz.com,12,,
320,Loydie,Nanetti,lnanetti8v@google.co.jp,32,,
321,Henri,Lutton,hlutton8w@fastcompany.com,37,,
322,Molly,McGrae,mmcgrae8x@ebay.com,,2,8579
323,Genna,Kingescot,gkingescot8y@goo.ne.jp,40,5,24459
324,Trina,Sline,tsline8z@whitehouse.gov,22,3,18585
325,Grenville,Local,glocal90@ning.com,1,3,15467
326,Harriette,Robecon,hrobecon91@t-online.de,33,2,18469
327,Antoinette,Colebourn,acolebourn92@gnu.org,16,4,15414
328,Friedrick,McCrow,fmccrow93@comcast.net,4,3,20823
329,Bernadene,Domerque,bdomerque94@wunderground.com,,5,17803
330,Bartholemy,Capelow,bcapelow95@senate.gov,31,2,20931
331,Angie,Kalinowsky,akalinowsky96@sbwire.com,,9,12425
332,Wesley,Harsum,wharsum97@hostgator.com,,,
333,Hamilton,Owtram,howtram98@amazon.co.uk,,7,20119
334,Had,Havile,hhavile99@about.com,20,,
335,Esma,Hastwall,ehastwall9a@over-blog.com,23,4,14150
336,Aldus,Watson-Brown,awatsonbrown9b@aol.com,,10,24247
337,Ernaline,Younghusband,eyounghusband9c@sina.com.cn,14,,
338,Ellary,Laxson,elaxson9d@cdbaby.com,26,6,23442
339,Vassili,Barrim,vbarrim9e@sitemeter.com,30,6,11877
340,Alisha,Sealeaf,asealeaf9f@japanpost.jp,37,,
341,Preston,Uridge,puridge9g@usgs.gov,10,1,22211
342,Riccardo,Galland,rgalland9h@comsenz.com,30,8,16764
343,Gilburt,Riley,griley9i@discuz.net,2,4,23609
344,Fredek,Ponnsett,fponnsett9j@discovery.com,1,8,16257
345,Dell,McArtan,dmcartan9k@zdnet.com,26,5,17964
346,Ludvig,Bertie,lbertie9l@utexas.edu,31,,
347,Phillis,Antonazzi,pantonazzi9m@seesaa.net,31,1,21564
348,Gwynne,Coudray,gcoudray9n@uol.com.br,36,,
349,Missy,Ballham,mballham9o@hexun.com,14,,
350,Marion,Schellig,mschellig9p@cdbaby.com,3,2,20402
351,Samuel,Hadenton,shadenton9q@imdb.com,30,9,11444
352,Norean,Cadogan,ncadogan9r@amazonaws.com,26,9,12818
353,Randie,Simants,rsimants9s@people.com.cn,9,,
354,Tildie,Mendez,tmendez9t@furl.net,20,4,17737
355,Marley,Toten,mtoten9u@netscape.com,,,
356,Shayna,Fellos,sfellos9v@bloomberg.com,28,6,8564
357,Inga,Loxley,iloxley9w@mozilla.org,5,,
358,Jenda,Lubeck,jlubeck9x@wufoo.com,10,,
359,Hieronymus,Braime,hbraime9y@yahoo.co.jp,40,,
360,Margret,Hickenbottom,mhickenbottom9z@yahoo.com,34,9,19535
361,Kattie,Caruth,kcarutha0@paginegialle.it,,,
362,Cordelia,Hasser,chassera1@bloglovin.com,36,,
363,Augustine,Godwyn,agodwyna2@biglobe.ne.jp,26,9,18382
364,Isiahi,Smeed,ismeeda3@spotify.com,37,6,15339
365,Jemie,Pullar,jpullara4@mozilla.com,33,,
366,Jakie,Leeder,jleedera5@123-reg.co.uk,15,4,18441
367,Janice,Luis,jluisa6@a8.net,28,4,17782
368,Chilton,Marskell,cmarskella7@arizona.edu,,,
369,Renaldo,Gilroy,rgilroya8@yellowpages.com,,6,9857
370,Scarface,Masham,smashama9@xinhuanet.com,7,2,22749
371,Conrado,Flewan,cflewanaa@icq.com,,4,15803
372,Orelia,Hoolaghan,ohoolaghanab@symantec.com,1,7,21467
373,Myrlene,Iggulden,migguldenac@guardian.co.uk,26,10,9212
374,Kirby,Blabber,kblabberad@chronoengine.com,8,,
375,Brandise,Manion,bmanionae@foxnews.com,30,8,15514
376,Gilly,Bunworth,gbunworthaf@tamu.edu,34,7,15980
377,Mufi,Willmore,mwillmoreag@dailymail.co.uk,9,7,21003
378,Clem,Leele,cleeleah@marriott.com,,3,14068
379,Berte,Geator,bgeatorai@imgur.com,27,2,15537
380,Martino,Spandley,mspandleyaj@google.fr,19,,
381,Brooks,Rivelin,brivelinak@miitbeian.gov.cn,4,7,7794
382,Jessy,Nelane,jnelaneal@geocities.com,30,2,13611
383,Kelvin,Woodroofe,kwoodroofeam@paypal.com,,7,10426
384,Wynnie,Sofe,wsofean@yellowpages.com,,,
385,Amble,Dmitrovic,admitrovicao@stumbleupon.com,10,6,13652
386,Lilly,Ollander,lollanderap@etsy.com,7,,
387,Giustino,Longmate,glongmateaq@ovh.net,,5,15044
388,Clemmie,Pellingar,cpellingarar@telegraph.co.uk,1,4,21129
389,Killy,Wippermann,kwippermannas@istockphoto.com,11,1,10638
390,Cedric,Conlon,cconlonat@salon.com,10,9,10622
391,Hillard,Martino,hmartinoau@drupal.org,19,2,14884
392,Cleve,Cowburn,ccowburnav@instagram.com,26,,
393,Emalee,Arsmith,earsmithaw@harvard.edu,,9,13901
394,Joli,Bradborne,jbradborneax@shop-pro.jp,9,,
395,Chase,Yitshak,cyitshakay@pcworld.com,33,,
396,Stacey,Needham,sneedhamaz@storify.com,23,9,11999
397,Bidget,Chessel,bchesselb0@sourceforge.net,39,,
398,Doti,Gilbane,dgilbaneb1@taobao.com,,4,15081
399,Lannie,Hastilow,lhastilowb2@bluehost.com,22,,
400,Ruthi,Convery,rconveryb3@digg.com,3,6,7780
401,Emanuel,Egdale,eegdaleb4@oakley.com,19,5,22355
402,Ingrim,Pagram,ipagramb5@wsj.com,32,,
403,Abbott,Truter,atruterb6@joomla.org,21,10,17288
404,Alyson,Dunbar,adunbarb7@kickstarter.com,20,9,19434
405,Coralyn,Brower,cbrowerb8@booking.com,37,4,20674
406,Abby,MacColl,amaccollb9@example.com,,7,7700
407,Ginevra,Ubank,gubankba@github.io,26,,
408,Emmet,Ilyinykh,eilyinykhbb@senate.gov,7,2,12013
409,Frederich,Carnow,fcarnowbc@tmall.com,31,1,7557
410,Melinda,Newbigging,mnewbiggingbd@cbsnews.com,37,,
411,Ruthann,Robjohns,rrobjohnsbe@dailymotion.com,18,1,14203
412,Lisbeth,Shenton,lshentonbf@cafepress.com,17,,
413,Sherye,Doxsey,sdoxseybg@reference.com,30,,
414,Debby,Toulson,dtoulsonbh@miitbeian.gov.cn,21,4,13029
415,Bert,Jennison,bjennisonbi@devhub.com,13,8,21266
416,Reinold,Biggins,rbigginsbj@springer.com,37,,
417,Catlee,Patrickson,cpatricksonbk@ezinearticles.com,32,,
418,Wenonah,Chominski,wchominskibl@livejournal.com,32,,
419,Theresa,Licquorish,tlicquorishbm@adobe.com,34,,
420,Ad,McAvinchey,amcavincheybn@google.fr,,1,22726
421,Demetra,Downey,ddowneybo@cocolog-nifty.com,25,,
422,Valentine,Delacote,vdelacotebp@msn.com,,3,9548
423,Lottie,Stode,lstodebq@cnn.com,39,5,13141
424,Danila,Razzell,drazzellbr@cnet.com,16,7,13271
425,Nikolia,Prescot,nprescotbs@wufoo.com,,9,23905
426,Pepito,Caulkett,pcaulkettbt@chronoengine.com,36,5,14169
427,Meridith,Blincowe,mblincowebu@purevolume.com,10,6,21346
428,Lennard,Shaplin,lshaplinbv@ucoz.com,33,9,8097
429,Branden,Gosdin,bgosdinbw@ibm.com,3,1,19497
430,Jasper,Sanper,jsanperbx@istockphoto.com,39,8,24907
431,Lurline,Eatherton,leathertonby@istockphoto.com,20,2,7884
432,Sybille,Dumini,sduminibz@4shared.com,,,
433,Cletus,Braxay,cbraxayc0@sbwire.com,12,,
434,Northrup,Aspinal,naspinalc1@elegantthemes.com,32,8,19905
435,Ariella,Cubbinelli,acubbinellic2@canalblog.com,22,5,9281
436,Shanan,Salters,ssaltersc3@icio.us,26,1,20022
437,Felicio,Thames,fthamesc4@examiner.com,26,5,11971
438,Cesaro,Hardesty,chardestyc5@oakley.com,1,6,22394
439,Leanor,Redler,lredlerc6@pinterest.com,,,
440,Mathian,Jouannisson,mjouannissonc7@desdev.cn,39,7,24282
441,Suzann,Bernot,sbernotc8@123-reg.co.uk,21,5,7205
442,Titos,Drakeford,tdrakefordc9@globo.com,39,8,7085
443,Esmeralda,Chetwind,echetwindca@wordpress.org,29,2,7992
444,Jere,Pilpovic,jpilpoviccb@unesco.org,29,,
445,Kenneth,Alejo,kalejocc@163.com,33,7,7935
446,Reggi,Morphet,rmorphetcd@sourceforge.net,5,10,7460
447,Sherry,Rainton,sraintonce@bing.com,,,
448,Emmye,Laban,elabancf@cisco.com,21,,
449,Eric,Skellorne,eskellornecg@ow.ly,26,,
450,Daryl,Tabram,dtabramch@merriam-webster.com,3,5,14163
451,Miguelita,Muscat,mmuscatci@miitbeian.gov.cn,6,7,8236
452,Merill,Marklin,mmarklincj@feedburner.com,37,7,18930
453,Esteban,Berthon,eberthonck@economist.com,,6,9722
454,Patrice,Hempel,phempelcl@chronoengine.com,32,2,16717
455,Putnam,Haking,phakingcm@dyndns.org,27,,
456,Matt,Ruprecht,mruprechtcn@jugem.jp,17,3,22861
457,Parke,Duro,pduroco@businesswire.com,35,,
458,Lynna,Frank,lfrankcp@tamu.edu,36,7,7597
459,Cirillo,Cockburn,ccockburncq@list-manage.com,3,2,8871
460,Egan,Fullard,efullardcr@unblog.fr,35,5,9034
461,Panchito,Joselevitch,pjoselevitchcs@home.pl,3,,
462,Alvin,Risman,arismanct@nps.gov,40,3,20250
463,Rae,Kittman,rkittmancu@ow.ly,,,
464,Lissa,McCorkindale,lmccorkindalecv@newsvine.com,28,10,13600
465,Theo,Wilman,twilmancw@hp.com,3,8,15561
466,Maighdiln,Pawel,mpawelcx@angelfire.com,15,7,17720
467,Farrah,Egar,fegarcy@bandcamp.com,,,
468,Gabriello,Sainz,gsainzcz@jiathis.com,21,6,7958
469,Stacy,Flockhart,sflockhartd0@phoca.cz,15,1,15435
470,Normie,Wythe,nwythed1@mashable.com,9,3,19834
471,Lisle,Orkney,lorkneyd2@microsoft.com,,5,23479
472,Yves,Androletti,yandrolettid3@examiner.com,1,7,16986
473,Shane,Gleeton,sgleetond4@state.gov,12,10,12234
474,Valencia,Wickerson,vwickersond5@time.com,39,9,15850
475,Parnell,Kinney,pkinneyd6@about.com,18,3,18100
476,Elwin,Abrahm,eabrahmd7@so-net.ne.jp,23,2,10241
477,Wanids,Tilzey,wtilzeyd8@archive.org,18,,
478,Bald,Shillaber,bshillaberd9@de.vu,6,4,24812
479,Fredrika,Jayme,fjaymeda@booking.com,33,10,9570
480,Ryley,Tissiman,rtissimandb@ucoz.com,,8,20931
481,Gloriane,Brushneen,gbrushneendc@sina.com.cn,40,6,7420
482,Remy,Tryhorn,rtryhorndd@netscape.com,25,9,10900
483,Hi,M'Barron,hmbarronde@msn.com,,1,21788
484,Eldridge,Fenner,efennerdf@purevolume.com,30,1,9678
485,Dalli,Mcwhinney,dmcwhinneydg@vk.com,3,4,8833
486,Kimberlee,Laurence,klaurencedh@hubpages.com,,,
487,Francoise,Morena,fmorenadi@seattletimes.com,18,,
488,Felipe,Goucher,fgoucherdj@live.com,28,3,14040
489,Lina,Size,lsizedk@instagram.com,24,,
490,Gardie,Astill,gastilldl@dyndns.org,16,10,14555
491,Carline,Fenck,cfenckdm@jimdo.com,23,10,14760
492,Anstice,Simonnin,asimonnindn@a8.net,7,,
493,Tally,Rosensaft,trosensaftdo@goo.gl,8,,
494,Bartholemy,Pawlowicz,bpawlowiczdp@mozilla.com,39,1,23434
495,Ansell,Westpfel,awestpfeldq@unicef.org,16,,
496,Jessamyn,Form,jformdr@about.com,15,,
497,Blinnie,Frowing,bfrowingds@squidoo.com,17,3,19270
498,Nadiya,Davenell,ndavenelldt@patch.com,16,,
499,Jennilee,Monkeman,jmonkemandu@bloglovin.com,21,,
500,Meghann,Mitham,mmithamdv@princeton.edu,8,1,22165
501,Ty,Elcoat,telcoatdw@technorati.com,7,,
502,Barrie,Tregunnah,btregunnahdx@digg.com,7,1,16430
503,Eachelle,Bullick,ebullickdy@answers.com,13,1,17090
504,Charmion,Bowgen,cbowgendz@csmonitor.com,29,5,13195
505,Amalie,Sarginson,asarginsone0@techcrunch.com,,,
506,Anabelle,Josebury,ajoseburye1@photobucket.com,,7,13506
507,Corbin,Meegin,cmeegine2@ezinearticles.com,12,7,20643
508,Carly,Eilhart,ceilharte3@buzzfeed.com,12,7,23200
509,Babara,Tomovic,btomovice4@qq.com,,5,16008
510,Jenda,Knaggs,jknaggse5@com.com,5,,
511,Celesta,Bierling,cbierlinge6@joomla.org,13,,
512,Hyacinthe,Turban,hturbane7@alexa.com,4,7,21416
513,Abra,Jurges,ajurgese8@blogger.com,,8,7739
514,Rhianon,Baistow,rbaistowe9@sun.com,25,3,7618
515,Lemmy,O'Roan,loroanea@seesaa.net,7,,
516,Seamus,Petracco,spetraccoeb@cpanel.net,,,
517,Ives,Maingot,imaingotec@bbc.co.uk,23,3,24768
518,Eziechiele,Adcocks,eadcocksed@delicious.com,12,2,15588
519,Karlene,Saint,ksaintee@mlb.com,4,6,20980
520,Bone,Leipelt,bleipeltef@guardian.co.uk,8,,
521,Latrena,Soots,lsootseg@irs.gov,,,
522,Kym,Sambedge,ksambedgeeh@hp.com,18,5,20635
523,Mathian,Itzak,mitzakei@wired.com,,,
524,Carlie,Collocott,ccollocottej@com.com,21,3,23838
525,Nickie,Dunphie,ndunphieek@bravesites.com,,10,11502
526,Ramonda,Pudsey,rpudseyel@latimes.com,33,8,22568
527,Jarrad,Esmond,jesmondem@bluehost.com,12,5,16773
528,Aldo,Ochterlony,aochterlonyen@smh.com.au,36,3,13312
529,Garnette,McTaggart,gmctaggarteo@wix.com,12,,
530,Barbe,Fernanando,bfernanandoep@apache.org,23,7,21546
531,Darbie,Tolcher,dtolchereq@sciencedirect.com,25,10,11670
532,Christalle,Basezzi,cbasezzier@addthis.com,5,1,16507
533,Ruprecht,Janaud,rjanaudes@cdbaby.com,16,8,13256
534,Sofie,Lyokhin,slyokhinet@networksolutions.com,36,10,11238
535,Virgil,Ottawell,vottawelleu@csmonitor.com,15,6,16303
536,Gretta,Hagerty,ghagertyev@oakley.com,23,4,14845
537,Wash,Bayford,wbayfordew@ovh.net,11,,
538,Artus,Kimbell,akimbellex@mozilla.com,,8,17987
539,Nedda,Jelliman,njellimaney@unicef.org,,5,14517
540,Dorthea,Clague,dclagueez@wikia.com,21,,
541,Kendrick,Diegan,kdieganf0@go.com,17,8,21419
542,Gene,Jays,gjaysf1@wiley.com,31,,
543,Grete,Craster,gcrasterf2@paypal.com,11,,
544,Gwendolin,Gregr,ggregrf3@psu.edu,,,
545,Ber,Rawson,brawsonf4@cam.ac.uk,,6,23953
546,Aurilia,Syce,asycef5@apache.org,6,,
547,Amberly,Fraczek,afraczekf6@qq.com,31,6,15658
548,Adelaide,Kingwell,akingwellf7@taobao.com,23,9,17990
549,Tanya,Byham,tbyhamf8@whitehouse.gov,10,,
550,Coretta,Flieger,cfliegerf9@hc360.com,,2,11520
551,Glendon,Aicken,gaickenfa@abc.net.au,,10,11188
552,Austin,Barnsley,abarnsleyfb@hubpages.com,12,5,13519
553,Estele,Thorburn,ethorburnfc@google.ca,,3,8237
554,Jdavie,Di Bartolomeo,jdibartolomeofd@reddit.com,15,10,24135
555,Arlana,Dobinson,adobinsonfe@toplist.cz,36,,
556,Renate,Robberecht,rrobberechtff@sitemeter.com,3,9,13916
557,Phillipe,Colvin,pcolvinfg@usa.gov,4,10,23890
558,Gonzales,Dufaire,gdufairefh@freewebs.com,,3,13557
559,Terencio,Vigars,tvigarsfi@uol.com.br,,6,11048
560,Corey,Eates,ceatesfj@washingtonpost.com,,6,9315
561,Prudence,Lampard,plampardfk@naver.com,14,8,23289
562,Bealle,Odegaard,bodegaardfl@twitter.com,26,7,11012
563,Osborne,Gadson,ogadsonfm@reddit.com,,,
564,Crysta,Hallgate,challgatefn@github.io,30,,
565,Taylor,Insworth,tinsworthfo@flavors.me,39,,
566,Deane,Vodden,dvoddenfp@umich.edu,25,,
567,Perkin,Lively,plivelyfq@google.ru,3,,
568,Moore,Perroni,mperronifr@techcrunch.com,14,8,22986
569,Mamie,Braden,mbradenfs@webmd.com,,,
570,Jenn,By,jbyft@theatlantic.com,,8,10132
571,Mylo,Wilkin,mwilkinfu@shutterfly.com,12,6,9393
572,Annissa,McKeaveney,amckeaveneyfv@nbcnews.com,16,1,14206
573,Jasmin,Alesio,jalesiofw@amazon.de,22,2,16358
574,Demetre,Poupard,dpoupardfx@chron.com,,7,8108
575,Megen,Georges,mgeorgesfy@reference.com,2,4,20472
576,Hubie,Shellibeer,hshellibeerfz@jimdo.com,,,
577,Jewell,Ingilson,jingilsong0@com.com,,,
578,Christa,Furlong,cfurlongg1@163.com,32,7,24346
579,Andie,Work,aworkg2@tiny.cc,,1,13090
580,Courtnay,Durdle,cdurdleg3@bloglovin.com,1,,
581,Gisele,Wrightim,gwrightimg4@wordpress.com,16,4,21199
582,Vernice,Happert,vhappertg5@pen.io,,9,18767
583,Janeen,Eccles,jecclesg6@eventbrite.com,,10,23674
584,Roderick,Moraleda,rmoraledag7@blogs.com,9,2,7972
585,Ileane,Dilliway,idilliwayg8@cisco.com,31,5,16955
586,Phip,Glusby,pglusbyg9@cnbc.com,12,8,17845
587,Karin,Miguel,kmiguelga@artisteer.com,12,7,10734
588,Pall,Folliott,pfolliottgb@sun.com,,10,8980
589,Waverly,Risdale,wrisdalegc@merriam-webster.com,,3,22183
590,Xaviera,Tebbit,xtebbitgd@tamu.edu,,4,22485
591,Hilliary,Behagg,hbehaggge@scribd.com,26,,
592,Benny,Tirone,btironegf@msu.edu,2,,
593,Drud,Colgan,dcolgangg@mayoclinic.com,38,,
594,Nicola,Tommasuzzi,ntommasuzzigh@hc360.com,22,10,10100
595,Lorelle,Peeters,lpeetersgi@example.com,20,9,19306
596,Melanie,Nangle,mnanglegj@berkeley.edu,33,2,23688
597,Othilia,Manchester,omanchestergk@guardian.co.uk,30,,
598,Berni,Lusgdin,blusgdingl@mayoclinic.com,7,,
599,Marylin,Cordet,mcordetgm@comsenz.com,32,8,8342
600,Nicholas,Finch,nfinchgn@uol.com.br,33,,
601,Margarethe,Lerwell,mlerwellgo@netvibes.com,20,7,8562
602,Bradford,Turville,bturvillegp@webeden.co.uk,,4,18816
603,Kristal,Faunt,kfauntgq@oaic.gov.au,1,,
604,Warde,Reyes,wreyesgr@economist.com,9,1,18965
605,Alfredo,Bordone,abordonegs@delicious.com,,,
606,Merci,De Biaggi,mdebiaggigt@hhs.gov,25,8,18304
607,Gae,Haggleton,ghaggletongu@nature.com,32,,
608,Katuscha,Davenhall,kdavenhallgv@latimes.com,,1,14363
609,Carlynn,Sparshatt,csparshattgw@oaic.gov.au,8,,
610,Gertrude,Bebis,gbebisgx@delicious.com,11,,
611,Dawna,Dmtrovic,ddmtrovicgy@behance.net,3,10,13436
612,Lynsey,Farguhar,lfarguhargz@bing.com,9,7,19161
613,Nara,Pirelli,npirellih0@stumbleupon.com,16,,
614,Tabbie,Siggin,tsigginh1@lycos.com,10,1,22999
615,Justis,Stubbert,jstubberth2@last.fm,11,5,19798
616,Mirelle,Ofer,moferh3@psu.edu,13,,
617,Leonie,MacAdam,lmacadamh4@etsy.com,6,6,19259
618,Gavin,Clapham,gclaphamh5@google.com.au,26,4,21720
619,Claudio,Samwayes,csamwayesh6@sfgate.com,17,1,13853
620,Frances,Buzin,fbuzinh7@wp.com,31,2,23172
621,Bran,Vedishchev,bvedishchevh8@nasa.gov,17,,
622,Denise,Snalum,dsnalumh9@ifeng.com,26,9,24004
623,Rebeka,Sansbury,rsansburyha@senate.gov,39,10,21223
624,Cordy,Zahor,czahorhb@t.co,13,6,7823
625,Roderich,Tooting,rtootinghc@yellowbook.com,,1,22404
626,Rodie,Carolan,rcarolanhd@businessinsider.com,,3,13457
627,Daisy,Beldam,dbeldamhe@netvibes.com,32,10,20348
628,Mufinella,Tuttle,mtuttlehf@hubpages.com,25,1,19633
629,Sloane,Masseo,smasseohg@1und1.de,,6,11257
630,Theodor,Lippett,tlippetthh@ow.ly,,3,14573
631,Jillana,Vernazza,jvernazzahi@princeton.edu,20,7,14485
632,Joann,Tinker,jtinkerhj@pbs.org,13,9,19936
633,Adella,Dufore,aduforehk@epa.gov,31,9,12330
634,Scarface,Simioni,ssimionihl@bing.com,23,8,17834
635,Desiree,Surmeyer,dsurmeyerhm@nature.com,14,,
636,Charmain,Kener,ckenerhn@ibm.com,37,9,11711
637,Wandie,Teaser,wteaserho@mashable.com,13,6,19636
638,Lanette,Dymidowicz,ldymidowiczhp@goodreads.com,24,3,8283
639,Delphinia,Cowlas,dcowlashq@sfgate.com,23,9,19341
640,Theodora,Downey,tdowneyhr@jiathis.com,27,,
641,Patrizio,Langhor,planghorhs@huffingtonpost.com,27,1,17668
642,Willey,Beagen,wbeagenht@nature.com,,3,12003
643,Lenore,Bromehead,lbromeheadhu@nature.com,21,,
644,Abramo,Baddiley,abaddileyhv@typepad.com,,3,23887
645,Chaddie,Pettitt,cpettitthw@yale.edu,2,4,11335
646,Dare,Mulroy,dmulroyhx@twitter.com,11,8,17134
647,Katha,Bramham,kbramhamhy@virginia.edu,10,,
648,Rachel,Baynam,rbaynamhz@fema.gov,38,9,20747
649,Anastasie,Ingyon,aingyoni0@hostgator.com,7,,
650,Lorianne,Menary,lmenaryi1@accuweather.com,36,,
651,Kerby,Rapsey,krapseyi2@europa.eu,19,,
652,Theodor,Gaenor,tgaenori3@trellian.com,,6,15389
653,Norrie,Stokes,nstokesi4@arstechnica.com,26,1,22272
654,Nahum,Hainge,nhaingei5@msu.edu,13,8,12490
655,Michel,Stones,mstonesi6@comsenz.com,27,7,13367
656,Arlene,Wimlet,awimleti7@sogou.com,,3,15013
657,Mersey,Warcop,mwarcopi8@answers.com,,,
658,Hildagarde,Skirrow,hskirrowi9@sbwire.com,35,,
659,Stillmann,Surmeyer,ssurmeyeria@admin.ch,25,1,17869
660,Elonore,Moseby,emosebyib@ed.gov,,5,16244
661,Ettie,Bigland,ebiglandic@quantcast.com,,7,22816
662,Vivian,Sager,vsagerid@ucsd.edu,26,,
663,Jeremie,Curneen,jcurneenie@histats.com,,10,8515
664,Jourdan,Simonnot,jsimonnotif@seattletimes.com,6,5,16650
665,Verla,Delion,vdelionig@goodreads.com,12,2,15072
666,Teddy,Blagden,tblagdenih@rambler.ru,15,,
667,Niel,Dundon,ndundonii@histats.com,32,3,10229
668,Marcello,Yuryatin,myuryatinij@abc.net.au,2,3,9130
669,Padgett,Wilse,pwilseik@google.pl,26,9,20218
670,Desirae,Emblem,demblemil@vimeo.com,10,7,11833
671,Ketti,Quinion,kquinionim@blogspot.com,,7,15572
672,Brittne,Hatherell,bhatherellin@sphinn.com,6,4,20265
673,Deonne,Eadon,deadonio@answers.com,28,4,10454
674,Inge,Gegay,igegayip@gizmodo.com,30,7,23761
675,Melissa,Fullbrook,mfullbrookiq@edublogs.org,,8,13313
676,Cliff,Bransom,cbransomir@ocn.ne.jp,,2,10831
677,Ulises,Mapam,umapamis@weebly.com,22,8,21821
678,Jane,Holdall,jholdallit@hc360.com,,9,20634
679,Say,Malley,smalleyiu@barnesandnoble.com,1,4,20769
680,Blinny,Ffrench,bffrenchiv@ca.gov,25,,
681,Joannes,Stourton,jstourtoniw@desdev.cn,35,7,11436
682,Annemarie,Paroni,aparoniix@cyberchimps.com,1,6,7957
683,Tallie,Clamp,tclampiy@dyndns.org,,,
684,Twyla,Poultney,tpoultneyiz@printfriendly.com,,,
685,Dilly,Righy,drighyj0@behance.net,,,
686,Deena,Twelftree,dtwelftreej1@delicious.com,8,,
687,Ezequiel,Poinsett,epoinsettj2@yolasite.com,13,3,13194
688,Lydon,Gheorghescu,lgheorghescuj3@de.vu,40,,
689,Jakie,Treamayne,jtreamaynej4@nytimes.com,7,,
690,Guntar,Lammas,glammasj5@constantcontact.com,13,2,14887
691,Suzann,Maffeo,smaffeoj6@feedburner.com,23,,
692,Hobard,O'Geaney,hogeaneyj7@patch.com,,3,15931
693,Marley,Londsdale,mlondsdalej8@telegraph.co.uk,16,6,7371
694,Mathilda,Rummery,mrummeryj9@samsung.com,26,9,9092
695,Ingra,Thick,ithickja@scribd.com,11,8,8746
696,Killy,Cowton,kcowtonjb@macromedia.com,4,8,9030
697,Louise,Syme,lsymejc@g.co,10,10,11200
698,Isidora,Aronstam,iaronstamjd@google.com.hk,3,6,12940
699,Gayelord,Balasin,gbalasinje@umich.edu,38,4,19183
700,Felicity,Rosindill,frosindilljf@mapquest.com,,5,12515
701,Marilin,Luxmoore,mluxmoorejg@ehow.com,24,,
702,Giavani,Beane,gbeanejh@ebay.co.uk,30,4,9157
703,Daren,Dollard,ddollardji@booking.com,12,6,16368
704,Melisande,Benitti,mbenittijj@cam.ac.uk,31,7,10169
705,Delphinia,Blondell,dblondelljk@ca.gov,33,1,23954
706,Wilie,O' Culligan,woculliganjl@canalblog.com,,8,11751
707,Charlotta,Dyett,cdyettjm@mediafire.com,17,6,16763
708,Josee,Kencott,jkencottjn@nifty.com,16,3,12454
709,Ollie,Egdal,oegdaljo@china.com.cn,26,5,16808
710,Andrej,Swaysland,aswayslandjp@is.gd,,4,23686
711,Skipper,Haulkham,shaulkhamjq@delicious.com,25,5,20641
712,Suzy,Pitman,spitmanjr@cmu.edu,29,5,9482
713,Orlan,Cabell,ocabelljs@symantec.com,1,9,16473
714,Donaugh,Himsworth,dhimsworthjt@ihg.com,12,,
715,Rebeca,O'Gormally,rogormallyju@soup.io,1,9,20554
716,Mateo,Zecchetti,mzecchettijv@yellowbook.com,2,,
717,Salomo,Cleall,sclealljw@comsenz.com,,,
718,Corilla,Revance,crevancejx@uiuc.edu,32,2,9742
719,Joellyn,Tregear,jtregearjy@t-online.de,8,6,9766
720,Cecilio,Stevings,cstevingsjz@gnu.org,21,5,12751
721,Lauri,McCaig,lmccaigk0@blogs.com,32,,
722,Melisenda,Harbisher,mharbisherk1@cdc.gov,6,,
723,Jecho,Hitscher,jhitscherk2@apple.com,24,1,10486
724,Irwin,Meigh,imeighk3@economist.com,,1,15203
725,Johna,Chomicz,jchomiczk4@telegraph.co.uk,,10,17723
726,Derrik,MacTrustram,dmactrustramk5@bbc.co.uk,6,,
727,Elbert,Duligal,eduligalk6@ucoz.ru,23,2,22769
728,Prisca,McBay,pmcbayk7@omniture.com,37,9,14250
729,Amara,Jeannel,ajeannelk8@furl.net,11,,
730,Maxie,D'eathe,mdeathek9@sciencedirect.com,17,,
731,Nissie,Emor,nemorka@gnu.org,37,10,21972
732,Konstantin,Waples,kwapleskb@nytimes.com,,7,8491
733,Rakel,Felmingham,rfelminghamkc@wordpress.com,32,,
734,Zachery,Whiteland,zwhitelandkd@aboutads.info,8,9,22054
735,Towney,Likly,tliklyke@vk.com,16,4,13741
736,Yul,Finneran,yfinnerankf@usda.gov,2,,
737,Hashim,Brindley,hbrindleykg@indiatimes.com,25,10,8929
738,Dilly,Stoker,dstokerkh@godaddy.com,38,,
739,Baird,Hutchence,bhutchenceki@acquirethisname.com,35,,
740,Jimmie,Halhead,jhalheadkj@squidoo.com,9,5,9282
741,Gun,Hunnable,ghunnablekk@unesco.org,32,2,22706
742,Cecil,Tolhurst,ctolhurstkl@biblegateway.com,27,2,14614
743,Riannon,Ozanne,rozannekm@psu.edu,29,5,23748
744,Roseline,Grigorini,rgrigorinikn@blogspot.com,5,1,24912
745,Katlin,Kullmann,kkullmannko@tripadvisor.com,18,8,17447
746,Constantine,Standish-Brooks,cstandishbrookskp@cornell.edu,10,,
747,Rebekkah,Debill,rdebillkq@intel.com,25,5,11064
748,Neddie,Bestwick,nbestwickkr@elegantthemes.com,3,3,17632
749,Ara,Terry,aterryks@skype.com,8,10,21861
750,Dulcia,Flahive,dflahivekt@myspace.com,,6,11942
751,Todd,Docwra,tdocwraku@whitehouse.gov,,9,10629
752,Judye,Postin,jpostinkv@technorati.com,,10,13840
753,Darryl,Zorzetti,dzorzettikw@github.io,2,5,11217
754,Marleen,Lingner,mlingnerkx@japanpost.jp,31,,
755,Dru,Heale,dhealeky@yolasite.com,10,7,24657
756,Benito,Roughsedge,broughsedgekz@youtu.be,,3,14191
757,Joana,Sivorn,jsivornl0@gnu.org,,,
758,Pam,Kerton,pkertonl1@berkeley.edu,,8,18694
759,Jeanine,Sanbroke,jsanbrokel2@domainmarket.com,32,6,14822
760,Stacee,Rahl,srahll3@diigo.com,24,1,20044
761,Brewster,Lantuffe,blantuffel4@wikia.com,5,,
762,Kellen,Ansett,kansettl5@discuz.net,,9,15381
763,Clea,Hesser,chesserl6@webeden.co.uk,3,7,17655
764,Kristoforo,Saterweyte,ksaterweytel7@amazon.co.uk,35,3,17701
765,Anderson,Cornner,acornnerl8@shareasale.com,9,5,12235
766,Ceil,Stangoe,cstangoel9@posterous.com,2,,
767,Ranice,Beacom,rbeacomla@devhub.com,24,,
768,Chrysler,McAvey,cmcaveylb@miibeian.gov.cn,38,5,16741
769,Brear,Hickeringill,bhickeringilllc@latimes.com,,8,15134
770,Emile,Minto,emintold@amazon.co.jp,20,,
771,Marysa,Foyster,mfoysterle@toplist.cz,12,5,11632
772,Jordan,Gooddy,jgooddylf@cbslocal.com,18,,
773,Pandora,Havick,phavicklg@amazon.de,12,5,14529
774,Carlyn,Lyford,clyfordlh@cyberchimps.com,19,7,12039
775,Gertrudis,Dyson,gdysonli@cyberchimps.com,38,6,13400
776,Lin,Dudin,ldudinlj@youku.com,21,2,20927
777,Delphine,Isitt,disittlk@washington.edu,5,,
778,Pippy,Duffet,pduffetll@opensource.org,8,9,8081
779,Ame,Marusic,amarusiclm@amazonaws.com,22,9,22080
780,Brittaney,Seller,bsellerln@sbwire.com,21,7,22294
781,Osbourn,Medlen,omedlenlo@hc360.com,35,2,17003
782,Lyndsey,Cricket,lcricketlp@dion.ne.jp,3,8,7259
783,Ira,Charley,icharleylq@oracle.com,17,9,16778
784,Jen,Carmont,jcarmontlr@nymag.com,,,
785,Wilton,Brierton,wbriertonls@github.io,13,3,13684
786,Lazaro,Aiton,laitonlt@deliciousdays.com,38,8,9544
787,James,Cheetam,jcheetamlu@prlog.org,,5,20602
788,Creight,Nisen,cnisenlv@salon.com,1,3,24447
789,Larry,Dionsetti,ldionsettilw@columbia.edu,,,
790,Wynnie,Doel,wdoellx@cnbc.com,,6,16565
791,Hyacinthia,Benford,hbenfordly@fastcompany.com,,,
792,Sula,Blencoe,sblencoelz@blogger.com,3,9,21624
793,Vivie,Reignard,vreignardm0@pbs.org,19,,
794,Chan,Bridgement,cbridgementm1@comcast.net,27,,
795,Clara,Berk,cberkm2@businessinsider.com,24,8,13147
796,Shalna,Ogglebie,sogglebiem3@noaa.gov,6,5,12876
797,Melisande,Arton,martonm4@vk.com,17,8,9778
798,Orly,Holborn,oholbornm5@cnet.com,19,6,21108
799,Magda,Buckerfield,mbuckerfieldm6@photobucket.com,32,,
800,Donnajean,Pybworth,dpybworthm7@google.fr,13,4,17313
801,Susi,Bartolozzi,sbartolozzim8@latimes.com,34,9,24507
802,D'arcy,Skentelbery,dskentelberym9@hao123.com,33,6,15679
803,Shea,Knoton,sknotonma@sakura.ne.jp,22,2,14693
804,Hayward,Doldon,hdoldonmb@sohu.com,11,10,17813
805,Nell,Firth,nfirthmc@163.com,31,,
806,Lanie,Goult,lgoultmd@bing.com,31,10,7509
807,Ara,Sedcole,asedcoleme@jimdo.com,16,3,16255
808,Carlee,Usmar,cusmarmf@opera.com,17,,
809,Odo,McDuff,omcduffmg@issuu.com,,5,7426
810,Leonanie,Orgen,lorgenmh@sun.com,30,6,19551
811,Kalindi,Skokoe,kskokoemi@chron.com,19,2,24078
812,Kara,Mohamed,kmohamedmj@seattletimes.com,,,
813,Angil,Pinniger,apinnigermk@chronoengine.com,36,9,13144
814,Antons,Chattoe,achattoeml@ca.gov,19,4,21471
815,Meredithe,Dungey,mdungeymm@trellian.com,26,4,16488
816,Isac,Seiter,iseitermn@hao123.com,4,,
817,Tamarah,Milkins,tmilkinsmo@joomla.org,7,6,7258
818,Abdul,Corneille,acorneillemp@globo.com,9,,
819,Darill,Sterricker,dsterrickermq@gravatar.com,20,5,13339
820,Marjorie,MacIan,mmacianmr@forbes.com,30,10,12890
821,Phoebe,Allso,pallsoms@army.mil,7,,
822,Clarie,McAlpine,cmcalpinemt@blogspot.com,27,,
823,Quint,Jantel,qjantelmu@biblegateway.com,28,8,13844
824,Emmit,Mcwhinney,emcwhinneymv@istockphoto.com,27,5,8573
825,Nedda,Lindhe,nlindhemw@cnet.com,25,5,12719
826,Miran,Brambill,mbrambillmx@shop-pro.jp,39,,
827,Donica,Umbers,dumbersmy@jalbum.net,22,10,13866
828,Chadd,Basile,cbasilemz@cargocollective.com,23,5,15191
829,Dallas,Tatchell,dtatchelln0@google.ru,40,6,22976
830,Wainwright,Cliff,wcliffn1@topsy.com,,5,22115
831,Portie,Sedgebeer,psedgebeern2@liveinternet.ru,15,4,24309
832,Sidonnie,Shimoni,sshimonin3@skype.com,21,,
833,Vanda,Probey,vprobeyn4@jiathis.com,19,8,14081
834,Karie,Perri,kperrin5@sitemeter.com,,3,12600
835,Hayyim,Milam,hmilamn6@cmu.edu,23,2,21194
836,Horatius,Heggman,hheggmann7@youtu.be,16,,
837,Anders,Perring,aperringn8@wunderground.com,38,,
838,Denis,MacTrustey,dmactrusteyn9@tinypic.com,,2,12147
839,Philis,Ratazzi,pratazzina@behance.net,5,3,12186
840,Myra,Ambler,mamblernb@cbc.ca,35,7,10774
841,Corinna,Bemand,cbemandnc@hexun.com,14,1,21431
842,Brent,Mitchall,bmitchallnd@omniture.com,,6,14017
843,Shepperd,Hunnybun,shunnybunne@edublogs.org,,4,10774
844,Fredia,Reichardt,freichardtnf@va.gov,3,6,8604
845,Marcelle,Paulsen,mpaulsenng@sciencedirect.com,17,,
846,Hertha,Jamot,hjamotnh@amazon.de,14,8,8298
847,Magnum,Lindroos,mlindroosni@dedecms.com,,9,21734
848,Hogan,St Louis,hstlouisnj@ovh.net,18,3,13723
849,Noby,McNeigh,nmcneighnk@fda.gov,26,5,8001
850,Karina,Mushet,kmushetnl@archive.org,14,10,9179
851,Jaclyn,Hanham,jhanhamnm@feedburner.com,12,,
852,Burt,Shevlan,bshevlannn@chron.com,7,8,17868
853,Magnum,Clymo,mclymono@cdbaby.com,2,10,20690
854,Keeley,Dowdam,kdowdamnp@edublogs.org,4,,
855,Jack,Brosel,jbroselnq@lycos.com,,1,8088
856,Scarlett,Ironside,sironsidenr@csmonitor.com,,,
857,Morganica,Hughesdon,mhughesdonns@dion.ne.jp,20,,
858,Jan,Menhci,jmenhcint@hostgator.com,13,7,9692
859,Hugues,Stent,hstentnu@oakley.com,24,,
860,Danette,Danzig,ddanzignv@about.com,24,4,21545
861,Maggie,Spolton,mspoltonnw@sciencedirect.com,7,10,13660
862,Carlin,Connell,cconnellnx@admin.ch,16,4,12794
863,Loraine,Ford,lfordny@nyu.edu,31,4,16141
864,Janey,Venables,jvenablesnz@nba.com,,9,11687
865,Nalani,Shovlar,nshovlaro0@t.co,11,8,17685
866,Delcina,Weakley,dweakleyo1@ftc.gov,12,8,7932
867,Amanda,Whitewood,awhitewoodo2@mtv.com,7,,
868,Leontine,Gamet,lgameto3@over-blog.com,33,5,12874
869,Peria,Van der Brugge,pvanderbruggeo4@slashdot.org,24,7,19497
870,Cleo,Ulyat,culyato5@adobe.com,39,,
871,Rubin,Saban,rsabano6@hibu.com,,,
872,Lesley,Weir,lweiro7@live.com,13,6,8672
873,Angele,Bauduin,abauduino8@oaic.gov.au,11,8,13182
874,Ruthy,Tunnoch,rtunnocho9@cbc.ca,,,
875,Reed,Andor,randoroa@amazon.co.jp,15,10,22333
876,Erma,Balogun,ebalogunob@ihg.com,14,,
877,Clim,Matusovsky,cmatusovskyoc@flavors.me,,1,12971
878,Paloma,Jeanequin,pjeanequinod@wikia.com,28,,
879,Devondra,Bohje,dbohjeoe@weibo.com,10,,
880,Jazmin,Lamzed,jlamzedof@altervista.org,29,1,15750
881,Sophia,Belding,sbeldingog@wikispaces.com,10,,
882,Kendal,Browning,kbrowningoh@slate.com,13,8,12482
883,Brana,Bartlam,bbartlamoi@cnet.com,30,5,19104
884,Barny,Durbin,bdurbinoj@multiply.com,21,7,11641
885,Ginelle,Scorton,gscortonok@smh.com.au,,9,7817
886,Percival,Cotty,pcottyol@netvibes.com,39,2,15795
887,Coletta,Sommerville,csommervilleom@ebay.co.uk,36,7,20730
888,Haydon,Joutapavicius,hjoutapaviciuson@networksolutions.com,1,2,23259
889,Darbie,Chatt,dchattoo@jiathis.com,,10,20695
890,Jamaal,Tybalt,jtybaltop@wiley.com,,3,19931
891,Alfi,Geake,ageakeoq@scribd.com,26,6,13546
892,Fanchon,Capstake,fcapstakeor@unicef.org,2,,
893,Morry,Hedylstone,mhedylstoneos@techcrunch.com,14,5,14234
894,Charmain,Lagen,clagenot@hud.gov,,,
895,Kelsi,De la Barre,kdelabarreou@booking.com,40,9,15674
896,Adena,Rolfini,arolfiniov@cloudflare.com,,,
897,Nels,Stobo,nstoboow@alibaba.com,40,5,19018
898,Liza,Wringe,lwringeox@bloglines.com,34,3,14489
899,Farr,Dadswell,fdadswelloy@ed.gov,9,5,12023
900,Loralyn,Follet,lfolletoz@imageshack.us,23,9,17600
901,Garrot,Joannidi,gjoannidip0@cloudflare.com,13,2,8399
902,Willyt,Jollye,wjollyep1@studiopress.com,32,7,23640
903,Northrop,Chitson,nchitsonp2@adobe.com,17,6,19493
904,Rosaline,Ranahan,rranahanp3@posterous.com,9,9,18294
905,Madelyn,Pedrol,mpedrolp4@harvard.edu,36,,
906,Cinderella,Pletts,cplettsp5@skype.com,2,,
907,Aldric,Gurr,agurrp6@dmoz.org,3,10,20315
908,Danit,Wolfe,dwolfep7@house.gov,,5,17522
909,Corissa,Kezar,ckezarp8@usnews.com,28,,
910,Jesselyn,Soppit,jsoppitp9@moonfruit.com,26,10,17349
911,Andriette,Rheaume,arheaumepa@pbs.org,4,5,19965
912,Belia,Abbets,babbetspb@usatoday.com,9,8,14725
913,Judye,Barbara,jbarbarapc@uol.com.br,20,,
914,Rog,Arpino,rarpinopd@seattletimes.com,8,3,20448
915,Gerhard,Watters,gwatterspe@technorati.com,34,10,21793
916,Bondon,Fomichkin,bfomichkinpf@moonfruit.com,4,,
917,Vernen,Strangeways,vstrangewayspg@businessinsider.com,,,
918,Delmer,Joberne,djoberneph@jiathis.com,27,1,9132
919,Brittni,Eassom,beassompi@imdb.com,22,10,23799
920,Pembroke,Casbolt,pcasboltpj@omniture.com,,2,23449
921,Marcie,Fowkes,mfowkespk@joomla.org,27,10,17948
922,Arnold,Balassi,abalassipl@mozilla.org,32,,
923,Stefanie,Needs,sneedspm@miitbeian.gov.cn,,,
924,Meagan,Masding,mmasdingpn@ibm.com,,1,15864
925,Stephen,Lowdham,slowdhampo@vk.com,,4,18241
926,Paco,Sharrock,psharrockpp@yelp.com,3,,
927,Donelle,Mayell,dmayellpq@zdnet.com,24,,
928,Brnaby,Charrier,bcharrierpr@nbcnews.com,16,5,20941
929,Ibrahim,Reisin,ireisinps@cbsnews.com,33,3,24790
930,Danella,Licquorish,dlicquorishpt@usa.gov,18,9,15273
931,Janifer,D'eye,jdeyepu@dailymail.co.uk,10,7,23576
932,Reggi,Mabbitt,rmabbittpv@illinois.edu,17,6,16161
933,Arden,Pharrow,apharrowpw@t.co,10,10,10678
934,Nixie,Durie,nduriepx@stanford.edu,29,9,17170
935,Warde,Castelot,wcastelotpy@imdb.com,,8,24392
936,Budd,Linden,blindenpz@jalbum.net,13,,
937,Sherline,Cranefield,scranefieldq0@tinyurl.com,9,5,15375
938,Jarrid,Corsham,jcorshamq1@epa.gov,7,9,19573
939,Oby,Rotte,orotteq2@constantcontact.com,14,5,13842
940,Ilyssa,Paddell,ipaddellq3@wp.com,35,,
941,Phil,McCarty,pmccartyq4@example.com,,,
942,Georgeta,Screase,gscreaseq5@example.com,25,,
943,Giovanna,Millership,gmillershipq6@nationalgeographic.com,,8,19871
944,Jakob,Wein,jweinq7@mlb.com,6,8,12165
945,Essie,Storck,estorckq8@com.com,6,2,12905
946,Silvio,Van der Daal,svanderdaalq9@economist.com,36,4,12965
947,Marja,Paull,mpaullqa@rambler.ru,,,
948,Oliy,Bridgman,obridgmanqb@t.co,26,10,20296
949,Tabbi,Penritt,tpenrittqc@bing.com,8,,
950,Harriett,Hasley,hhasleyqd@etsy.com,5,6,9968
951,Grady,Grassick,ggrassickqe@timesonline.co.uk,39,,
952,Fenelia,Dutteridge,fdutteridgeqf@theglobeandmail.com,10,1,9339
953,Maribel,Lowndsbrough,mlowndsbroughqg@marriott.com,,,
954,Theresita,Swayland,tswaylandqh@wp.com,,7,9518
955,Carleen,Muehle,cmuehleqi@amazon.com,18,3,22712
956,Adrianna,Behr,abehrqj@t.co,18,9,13326
957,Lilias,Moxsom,lmoxsomqk@wiley.com,36,7,9863
958,Jacinda,Lingley,jlingleyql@springer.com,21,3,14046
959,Norene,Fairfoot,nfairfootqm@cnn.com,6,3,19169
960,Agosto,Littlecote,alittlecoteqn@nps.gov,10,3,17853
961,Prentiss,Larenson,plarensonqo@flavors.me,28,,
962,Ganny,Easom,geasomqp@list-manage.com,23,2,23583
963,Alana,Ping,apingqq@tmall.com,16,5,10073
964,Rafaello,De'Ath,rdeathqr@stanford.edu,36,4,16409
965,Allayne,Petrillo,apetrilloqs@nifty.com,16,10,11240
966,Clea,Dransfield,cdransfieldqt@flickr.com,17,3,7940
967,Jo,Parnaby,jparnabyqu@psu.edu,,6,9543
968,Gui,Ferrillo,gferrilloqv@wikimedia.org,8,5,24647
969,Bancroft,Quinion,bquinionqw@tripadvisor.com,32,4,23021
970,Lib,Stellman,lstellmanqx@google.com.hk,33,,
971,Calypso,Jacombs,cjacombsqy@over-blog.com,2,2,22363
972,Gloriane,Rangeley,grangeleyqz@stanford.edu,22,7,18385
973,Lanae,Heads,lheadsr0@nps.gov,12,9,21385
974,Chantalle,Wanklyn,cwanklynr1@barnesandnoble.com,,8,20025
975,Shurlock,Carstairs,scarstairsr2@ihg.com,17,9,13015
976,Ardyce,Timms,atimmsr3@plala.or.jp,13,8,20592
977,Odelle,Cassidy,ocassidyr4@wikia.com,11,,
978,Alphard,Stuckes,astuckesr5@foxnews.com,5,1,11618
979,Sigmund,Dupre,sduprer6@nytimes.com,,,
980,Hank,Hallows,hhallowsr7@eventbrite.com,8,4,10042
981,Jenda,Sabathe,jsabather8@google.com.hk,7,,
982,Koressa,Brownsey,kbrownseyr9@shutterfly.com,,5,12982
983,Chariot,Mills,cmillsra@tripadvisor.com,20,9,10619
984,Arni,Van Der Weedenburg,avanderweedenburgrb@oakley.com,11,7,16275
985,Sullivan,Holdey,sholdeyrc@statcounter.com,3,6,15002
986,Jimmy,Docket,jdocketrd@hatena.ne.jp,40,5,17153
987,Celestine,Ethington,cethingtonre@symantec.com,17,10,14323
988,Bettine,Reims,breimsrf@vimeo.com,33,,
989,Wren,Redford,wredfordrg@redcross.org,40,6,12086
990,Garland,Andrichak,gandrichakrh@huffingtonpost.com,,4,12590
991,Jo,Fookes,jfookesri@huffingtonpost.com,12,,
992,Bob,Partlett,bpartlettrj@1und1.de,27,,
993,Susette,Sneezem,ssneezemrk@tmall.com,11,4,11740
994,Gabriell,Zelley,gzelleyrl@webs.com,14,,
995,Annemarie,Dumbrall,adumbrallrm@weebly.com,19,,
996,Janela,Mapstone,jmapstonern@list-manage.com,40,1,14369
997,Hazel,Wickmann,hwickmannro@eventbrite.com,9,5,16681
998,Chance,Mushrow,cmushrowrp@mit.edu,5,10,22123
999,Thoma,Standbrooke,tstandbrookerq@topsy.com,19,,
1000,Ardys,Pacquet,apacquetrr@archive.org,,,
